brand_name,revenue,total_qty,profit,profit_margin
Amul,273414620.13500005,4874506.0,21304371.504809998,0.07791964999637123
Fortune,230956141.891,1069511.0,15265996.24367299,0.06609911353159767
GMC,192360900.95799997,2052567.0,43814364.463542014,0.22777167420893102
Mother Dairy,97202751.23100002,2534053.0,9420216.970991991,0.09691306934929311
Aashirvaad,87286464.303,401468.0,763338.5788000011,0.008745211355453716
Tata Sampann,70620751.78299999,646208.0,12343145.173096996,0.1747807105059489
Grocery,67384161.197,733343.0,7377355.469500998,0.10948204056340534
Surf Excel,62737536.96900002,233610.0,-4223305.1656100005,-0.0673170380867331
Maggi,60505754.187,737204.0,1367808.9865989995,0.02260626290801414
Haldiram's,57000993.461,868511.0,8467226.133473,0.14854523788723548
Rajdhani,43447084.646,628201.0,7694041.399331996,0.1770899350790009
Tata Tea,43290549.41599999,228491.0,503633.0050339999,0.011633786399760022
Catch,42641988.1,743299.0,8657833.065396998,0.20303539893809497
India Gate,40758390.89299999,130946.0,5079924.426747001,0.12463505833885721
Saffola,38565038.151999995,158471.0,-622971.6856440003,-0.01615379409683516
Daawat,33831745.046000004,122840.0,1901306.9637080005,0.05619890316396186
Patanjali,32942399.347000003,371022.0,4527128.765214999,0.13742559300336074
Tide,32770322.959999997,91148.0,-886064.5467439997,-0.02703862723066675
Pansari,32671985.566000003,135967.0,2786748.769059999,0.08529474780253393
Nandini,31209623.415,789011.0,1834425.2981529997,0.05877755312072547
Real,29370951.077,373732.0,358537.16087900026,0.012207202958428061
Milkfood,28593297.0,63817.0,1945935.0709499998,0.06805563803817377
Harpic,27325599.060999997,179665.0,1195995.186219001,0.043768306178727664
Ariel,26517548.127,52457.0,-1115946.4586399992,-0.042083319818839116
Vim,26432590.493,292233.0,-598928.6662130002,-0.02265871997569104
Lay's,26269157.544,816666.0,2477882.496706999,0.09432668301435343
Kellogg's,26220248.103,93354.0,2066352.35022,0.07880750563849842
Britannia,25813717.550999995,563168.0,1858997.3798969998,0.07201587203486637
Whisper,25792957.419000003,115128.0,1343188.7180950008,0.05207579325919255
Dettol,25556716.083999995,187862.0,3018864.719799,0.11812412478491266
Harvest Gold,25350872.466,558010.0,6213319.239875999,0.24509291537043384
Coca-Cola,25130441.191000003,495894.0,2615849.0564520005,0.10409085286528189
Basic,22994186.289,222767.0,1726550.0597300003,0.07508637348719534
Kwality Walls,21178329.460999995,147624.0,4129157.040105001,0.19497085677644524
Pampers,19516648.724,23863.0,-3348987.0330600003,-0.17159641905844655
Eggoz,18857235.973999996,139929.0,770864.2254529999,0.04087896161006062
Nescafe,18836719.063,105279.0,771830.7723769997,0.040974798731965335
iD,18712878.459,297076.0,2026402.168831999,0.10828917492687484
Everest,18677892.942,306769.0,3642164.092679001,0.1949986598589532
Kissan,18148998.854999997,154776.0,674200.2383149998,0.0371480677089392
Gowardhan,17978063.494,68721.0,1870279.3788499997,0.1040311922067795
Bisleri,17722732.587000005,442130.0,5116498.010584998,0.28869690300118034
Madhur,16979190.033,139657.0,1769245.5793409995,0.10420082323729062
Glucon-D,16594256.727,60685.0,-694901.4943419999,-0.04187602408316048
McCain,16238060.901999997,114047.0,2168307.430123001,0.13353241148738001
Hit,16193718.314999998,60632.0,-344067.7168150001,-0.021246986647674077
Thums Up,15856456.873,321767.0,1678626.6878999998,0.10586392037923212
Brooke Bond Red Label,15455189.454000004,101768.0,914665.417964,0.05918176679013616
Lizol,15409730.608000001,71085.0,564044.0409430002,0.036603108470317794
Dove,15307944.324,55791.0,-1873726.7168309996,-0.12240224272917859
Aashirvaad Select,15075499.178,60460.0,244408.9402740001,0.01621232818815521
Del Monte,14238884.309,63784.0,1603163.9906750005,0.11259056228595701
English Oven,13917215.411,326768.0,3428634.3970009997,0.24635922458245837
Dhara,13813091.407000002,69129.0,837791.8415199999,0.060652016035703325
Milky Mist,12717367.698,190293.0,1720346.2508720001,0.13527534091371368
Tata,12540868.006999996,379847.0,1091481.1498119999,0.08703393969243299
Cadbury Bournvita,12494813.106999999,43820.0,361299.7255030001,0.02891597676643825
Cadbury Dairy Milk,12387385.622999998,211395.0,865727.0689099998,0.06988779515369092
Wills Classic,12307753.877999999,37399.0,953999.9521,0.07751210834702069
Pears,12251950.826999998,63213.0,-798414.277852,-0.06516629793293897
Country Delight,12232339.244999995,194165.0,2200368.1276069996,0.17988122169734677
Britannia NutriChoice,12035945.004999999,215586.0,-262093.3942149999,-0.02177588831671468
Organic Tattva,11988358.127,152346.0,1669587.7736739998,0.13926742561300193
MamyPoko Pants,11902307.648999998,20592.0,-385816.20382999984,-0.0324152437668182
ChefiGo,11763777.835,65387.0,1844345.1327049986,0.15678170385177106
Gala,11578682.683999998,64848.0,2194903.8184909993,0.1895642085022355
Dalmia Utsav,11578346.765999999,97673.0,836857.7675480003,0.07227782899070243
Dabur,11438222.316,58379.0,-577749.2551959998,-0.05051040618329592
24 Mantra,11221003.577000001,128507.0,1033865.956006,0.09213667466652835
MTR,11156099.336000001,105719.0,1125740.1028960007,0.1009080386424412
Hamdard,11033345.228,71571.0,1570288.258497001,0.14232204522269307
Pedigree,10876028.292,38139.0,895026.80614,0.08229353419375972
MDH,10702636.182,125039.0,2332044.1400010013,0.21789436736372483
Marlboro,10282043.901999999,41936.0,976377.6664299999,0.09495949207531404
Brooke Bond Taj Mahal,10177331.463999998,53429.0,580488.0111759999,0.05703734944954329
Bikano,9985248.046000004,99044.0,2146809.8438049997,0.21499814866041225
Hershey's,9926973.616999999,131789.0,406047.8029070003,0.04090348363691036
Hen Fruit,9855175.887000002,89366.0,1633730.378288,0.16577384280305535
Bagrry's,9808282.364000002,43541.0,1498746.4683489997,0.1528041723033943
Durex,9731666.009999998,60124.0,1956834.6800140005,0.20107910382489594
Bambino,9605376.747000001,102778.0,1717495.5318749996,0.17880563949887923
Parle-G,9522253.71,133738.0,749990.875111,0.0787619084674651
Nivea,9250812.083999999,47002.0,-206303.909541,-0.022301167472401552
Red Bull,9237759.208,53873.0,1284038.2522579997,0.1389988874299742
Borges,9235730.851000002,19380.0,1259823.0543400007,0.13640751064152037
Limca,9224373.923,184878.0,831729.7166569997,0.09016652225937737
Himalaya,9221462.627,53639.0,1411026.341914,0.15301545958474988
Haldiram's Nagpur,9178935.324000001,116401.0,1334622.5792730001,0.14540058646925924
Sunfeast Yippee,9093353.263,116713.0,-1592474.334953,-0.17512509289973682
Scotch Brite,9078713.591,99330.0,1545935.3263250005,0.17028131913507355
epigamia,9077629.601,203601.0,1222133.1128640003,0.1346313042701554
GHH,8874242.092999998,107156.0,3249483.544517999,0.36617026112925083
Oleev,8738321.645,13684.0,633246.45437,0.07246774381809792
Dr. Oetker,8699241.389,66050.0,1263340.24815,0.14522418584078678
Gopaljee Ananda,8666851.0,17405.0,671249.6712800002,0.07745023784071058
Colgate,8627358.943000002,70064.0,244829.5413600001,0.02837827230529778
Maaza,8554157.946,293015.0,817007.135626,0.09550994274170957
B Natural,8547932.353999998,88269.0,-2696467.4914249997,-0.31545260067052233
Pepsi,8506411.182,148315.0,395959.7365830002,0.04654838898698798
SPT,8197721.7409999985,88624.0,2125450.5450169994,0.259273321560403
Whiskas,8178754.362,29154.0,719689.8125850002,0.08799503943153149
Gainda,8173191.709000001,57633.0,2866220.5412429986,0.3506855881144728
Sundrop,8018488.710999997,29313.0,579814.3975349999,0.07230968558197176
Sunpure,7988821.962,39311.0,629563.0070619998,0.0788054872240999
Gillette,7986755.596,45442.0,445225.175069,0.055745436268512055
ITC Master Chef,7984901.799999999,50291.0,1433496.348449,0.17952585822019754
Sunfeast Dark Fantasy,7973042.5600000005,93394.0,760851.2101210002,0.09542796296336341
Crax,7961728.407000001,296386.0,1062918.511804,0.13350348786947763
Cadbury Dairy Milk Silk,7952929.711000002,68079.0,930600.7408389996,0.117013575456583
Rin,7859854.931,98497.0,584209.450339,0.07432827392714635
Veeba,7801741.650000002,66133.0,1183124.4961599999,0.15164876629310067
Stayfree,7632044.335999998,45636.0,292658.2324190001,0.03834598169700677
Raw Pressery,7600611.933,61820.0,281514.156132,0.037038354097481845
Emami Healthy & Tasty,7459487.0,41497.0,612199.3885700001,0.08206990488353959
Sumeru,7402920.631,44331.0,1360718.364113999,0.1838083145746479
Comfort,7383817.513999999,27083.0,89719.91226499996,0.012150884294592547
Tropicana,7147739.976000001,76473.0,521398.23643099976,0.07294588753671805
L'Oreal Paris,7104129.546,26679.0,-442208.94315,-0.06224674540162165
Wagh Bakri,7081527.662999998,33140.0,773540.099529,0.1092335067150327
Origami So Soft,7069082.620999999,42638.0,2758191.4509030003,0.39017671723192054
Sprite,7031582.217999999,136840.0,808211.0110180003,0.11494013523003087
RiteBite,7009314.047000001,141804.0,645609.4987419995,0.09210737233528886
Kurkure,6988920.343999998,293232.0,715442.3873230001,0.10236808435471852
Tresemme,6818772.100999999,26488.0,-420890.59871699987,-0.061725277290800594
Wingreens Farms,6703602.462,82370.0,-842229.4119589997,-0.12563832905266328
Tang,6584717.215999999,42788.0,186476.64770700008,0.028319613673596537
Good Knight,6507858.4860000005,44803.0,75663.89164400005,0.01162654224992317
Nestle,6494014.953,102978.0,364047.103839,0.05605886442728676
Britannia Good Day,6469370.466,121580.0,330459.3403719999,0.051080602372169034
Mahakosh,6428225.0,37125.0,364022.69881999993,0.056628804813148255
All Out,6415022.861000001,33111.0,-451744.1186749999,-0.07041972078094513
Head & Shoulders,6322519.918,16064.0,-2801787.459889998,-0.44314410966320633
Cornitos,6298135.123999999,106563.0,744076.8045719998,0.11814240087301117
Britannia Bourbon,6295691.789999999,84348.0,777561.3669899998,0.12350689851511931
Parle,6280674.131999999,102899.0,55691.15811800001,0.00886706696567075
Nestle a+,6262767.341,99340.0,630083.5484749997,0.10060784860233876
Uncle Chipps,6260217.042,245841.0,857933.9240050004,0.13704539606999144
Mawana,6200694.835000001,40937.0,584545.8049819999,0.09427101648068766
Fiama,6186768.276000002,26639.0,-144058.37743399994,-0.023284915646968364
Aashirvaad Svasti,6170531.073999999,14221.0,-228705.68442799977,-0.037064181621525014
Yakult,6128756.433999999,74032.0,911150.23787,0.14866804508909615
Safal,6108492.047,51583.0,584776.2406100002,0.09573168567800547
G Fresh,6074950.446000001,96281.0,1074274.6686540004,0.17683677886810537
BRU,6026060.16,39706.0,226010.76735999997,0.037505561072924964
Mr. Makhana,5992917.998000002,76467.0,1333475.177906,0.2225084972547625
Nature Fresh,5968792.0709999995,32994.0,288459.61013000004,0.048327971002962426
Parachute,5919042.704,43426.0,311366.3803740002,0.052604178740522256
Godrej Aer,5904881.804,33442.0,646564.6183899996,0.10949662327737249
Yummiez,5788672.887,33082.0,793474.09993,0.13707357721179175
PediaSure,5784687.943,8978.0,365795.94253,0.06323520752275781
KitKat,5760900.460000001,84677.0,350298.580675,0.06080621998370719
GHD,5602125.072,70478.0,1297537.1188589989,0.23161516427832424
Colgate MaxFresh,5585113.551999999,41374.0,48193.03166399999,0.008628836498184056
Modern,5575195.856000001,140468.0,1390374.2012220002,0.24938571435579
Nissin,5561439.216,128801.0,-21570.455478000084,-0.0038785743474356233
Paras,5552188.0,11528.0,223137.53605000002,0.040189117524478644
Prasuma,5516762.714,23141.0,779853.3970600003,0.1413606924004454
Ghadi,5492950.756000001,103877.0,400202.75668799994,0.07285751765585277
Paper Boat,5347825.77,124053.0,905734.4998110003,0.1693649978075109
Quaker,5339675.976,35267.0,203057.66016100015,0.03802808654938506
Cadbury,5276264.589,72679.0,139570.50799,0.026452522544259394
Odonil,5204433.934,39378.0,-824713.6503500004,-0.15846366018064634
Nutella,5194759.499999998,14035.0,583210.47208,0.11226900342162138
Godrej Protekt,5153487.238,58071.0,145732.74978600006,0.028278473013655315
Bingo Mad Angles,5133270.898999999,202011.0,-8692.097760000006,-0.001693286392053319
Godrej No.1,5066985.499,36945.0,308312.52792500006,0.06084732786108178
Cinthol,5052322.214,28120.0,-42354.04685900001,-0.008383085057725895
Carnivore,5016382.521,25956.0,1524336.1983079994,0.3038716030778546
D'lecta,5011300.365,45436.0,-23811.313368999996,-0.004751523882963259
Hommade,4969222.113000001,114112.0,345972.2433010001,0.06962301853964241
Colin,4968808.336999999,40526.0,180440.678222,0.036314678688319876
Organic India,4964401.975000001,24922.0,879189.6703719998,0.17709880763070154
Horlicks,4946276.312999999,15187.0,-109685.69859,-0.022175408660797962
Fresca,4926968.272,92598.0,1542117.6353339988,0.31299524376843785
Mamaearth,4862825.610000001,19936.0,984624.3473449999,0.20247988028199096
Bhagyalakshmi,4843143.711,99096.0,1186654.645527,0.24501743419915628
Schweppes,4830974.183999999,75504.0,832800.4793709997,0.1723876898637138
Nivea Men,4829996.188000001,27103.0,-447597.8823399999,-0.09267044215315223
Tops,4794811.017999999,73352.0,984877.6635960004,0.20540489706449586
Slice,4789281.795999999,68663.0,44355.506029999975,0.009261410775002971
Cream Pot,4763570.329,35341.0,766623.2793720003,0.16093459871997626
Keya,4715237.500999999,52155.0,892548.7126719996,0.1892902982050659
Ching's Secret,4694523.486,73362.0,973745.3034569996,0.20742154264663948
Go,4671644.459000001,38125.0,-286472.5936950001,-0.06132157449249073
SaveMore,4630737.044,60306.0,1700206.6757790002,0.3671568175053129
Act II,4591632.350999999,156944.0,506897.9333139999,0.1103960192291101
Garden,4584949.778,71973.0,745883.097735,0.16268075635505902
Natureland,4538915.507999999,38321.0,299536.394513,0.0659929434652521
Sensodyne,4459126.069,31964.0,248192.23020599995,0.05565938849126536
Doritos,4422068.739,78171.0,376829.796782,0.08521572572099269
Polyset,4395175.172,26409.0,1862456.3282459998,0.4237501931916173
Eveready,4380982.335,39495.0,1275993.404055,0.29125737254427897
Unibic,4352991.4399999995,43131.0,849558.6846660003,0.19516663342347404
Savlon,4350171.619000001,30598.0,457857.24865199986,0.10525038751396437
Parle Platina,4243033.668,75178.0,-665657.3484490002,-0.15688241021258853
Grameen,4190087.000000001,56465.0,728431.0219850003,0.17384627621932436
Pringles,4188619.076000001,38685.0,319037.719892,0.07616775698702852
Yoga Bar,4188339.703000001,39791.0,647881.0447209999,0.15468684267824293
Nutrela,4124994.553000001,56939.0,815608.4657490001,0.19772352551491962
Sofy,4119687.3869999996,14209.0,312497.06886600005,0.07585455873474996
Popular Essentials,4092288.005,14857.0,611664.6996229999,0.14946765693804093
Mountain Dew,4063463.3940000003,79658.0,15251.771230000024,0.003753392057750631
Sunsilk,4016971.1869999995,13479.0,-614659.057397,-0.1530155504690206
Bauli,4007966.888,153929.0,428479.71326499985,0.10690699929380251
Wheel,3999256.2839999995,71896.0,400834.83142,0.10022734302466124
Nestle Everyday,3981960.6220000004,17483.0,214708.81609000007,0.053920376536059085
Nestle NAN PRO,3973818.102,5930.0,434523.0120200001,0.10934647758570205
Gulab,3968168.2929999996,32307.0,353201.6463169998,0.08900873658510426
Veet,3951746.5279999995,29676.0,581271.3767260001,0.1470922723933371
Heritage,3942218.946999999,76806.0,381542.9412529999,0.09678380282336965
Johnson's,3901155.793,25766.0,347639.11783500004,0.08911182641277306
Figaro,3899660.3079999997,9774.0,394001.00457000016,0.10103469878176892
Nestea,3867169.942,21301.0,123696.78818500006,0.03198638540333381
Britannia Marie Gold,3840410.411000001,42407.0,218813.16112000006,0.05697650451453273
Britannia Treat,3834377.799,97701.0,384966.3298339998,0.10039864353856796
Genteel,3827362.8239999996,13238.0,95179.74010999998,0.02486823028983886
Batter Chatter,3813426.885,127890.0,1053679.4866299997,0.27630777209197754
Bonn,3789711.6449999996,98024.0,944543.5718899999,0.24923890268437562
Crystal,3781978.8800000004,41960.0,1707306.358891,0.45143201828007035
Rishta,3778158.309,40245.0,703596.3056380001,0.18622732243960086
Ferrero Rocher,3766129.9420000003,13607.0,460985.91965000005,0.12240308400118395
Gold Winner,3732055.9899999998,19346.0,180744.69930799998,0.04843032896406251
Brooke Bond Taaza,3728173.577,22659.0,172632.20925799993,0.04630476711787498
Origami,3727626.325,20166.0,1387879.7748750001,0.37232266699237887
Conscious Food,3684683.1540000006,19178.0,581882.7139570005,0.1579193351605614
Bingo,3682645.638,176477.0,-288164.5396249999,-0.07824932615061453
Lion,3682186.9530000007,20386.0,626169.9935100001,0.1700538298306224
Classmate,3672841.2079999996,58818.0,804228.5463559997,0.21896632628828852
Exo,3639764.615,53521.0,-10839.173856999932,-0.002977987590826648
Wintex,3610944.202,33239.0,1690939.852879,0.4682819114021302
Pril,3595820.833999999,18676.0,-172816.560556,-0.04806039247616197
MeatKart,3548966.6319999998,22109.0,685778.4099,0.19323326506271868
Lijjat,3529430.99,52443.0,542071.6184850001,0.153586121961546
Wow Skin Science,3509128.6080000005,14626.0,-624005.7516410002,-0.17782356286925807
Amul Kool,3501746.4150000005,127697.0,357695.62299500016,0.10214778016557208
GTS,3495351.7179999994,7120.0,331020.30201,0.09470300236320883
Parle Monaco,3455380.213999999,36513.0,-140822.97063200004,-0.04075469612907845
Lux,3380350.2959999987,20357.0,-279610.79699000006,-0.08271651530341877
Chheda's,3370940.1410000008,47325.0,1024861.4605299992,0.3040283771476199
Sofit,3353519.199,37359.0,93907.60594400001,0.028002704136002178
Duracell,3340219.4660000005,23942.0,443209.88853300025,0.13268885264708538
Lipton,3312569.04,20181.0,149414.98830800003,0.045105471464528334
Oreo,3311195.9290000005,73141.0,388095.04842199996,0.11720691156418726
Mr Muscle,3298270.9289999995,31439.0,474703.70724099985,0.14392501933882215
Society,3276220.7450000006,13461.0,268159.4297810001,0.08185023252485388
Clinic Plus,3265140.5440000007,12211.0,-311577.98446999985,-0.09542559662326125
Coolberg,3260671.3559999997,41964.0,329176.7593539999,0.10095367591961633
Valencia,3208898.8510000003,35355.0,915657.355986,0.28534939819017685
Safe Harvest,3181056.9960000003,31658.0,303425.94728500006,0.095385259574582
Karachi Bakery,3173443.4400000004,17394.0,566384.7351599999,0.17847639192838421
Park Avenue,3146768.956,18239.0,-51180.30296999999,-0.01626439808121712
Jimmy's Cocktails,3137931.084,24420.0,326877.1637720002,0.10416964395385052
Nestle Cerelac,3120430.204,11842.0,352310.8179,0.11290456599490088
Leonardo,3105628.0,2124.0,394218.3198100001,0.12693674831950255
Disano,3104142.9729999998,29204.0,425857.3683530001,0.1371899980307383
Satyam,3079867.727999999,55512.0,685533.2493279999,0.22258528932772403
UPF,3043237.2420000006,22043.0,649659.2794130001,0.21347638312484873
Bingo Tedhe Medhe,2997774.852,145673.0,-181273.602165,-0.0604693851654874
Cadbury Oreo,2949956.6260000006,35792.0,32369.655519000036,0.010972925918199594
GRB,2915463.2970000003,11946.0,348212.9423099999,0.11943657211130375
Baskin Robbins,2912223.613,27138.0,691148.1192579996,0.2373265968220139
Gold Flake,2886982.046,8886.0,209705.31545000008,0.07263824717599233
Sunfeast,2882453.316,77650.0,175129.64160800003,0.06075714761307171
Lakme,2840551.7389999996,16089.0,131351.042685,0.0462413836303652
Shasha,2807471.365,55143.0,1005476.3016010004,0.3581430301074505
4700BC,2764334.109,39235.0,319974.18540800014,0.11575090882330104
Britannia Little Hearts,2761796.12,180032.0,276797.2789079999,0.10022364681575406
Pond's,2760841.3520000004,13282.0,-45993.233758999995,-0.01665913679744101
Nongshim,2750191.3819999993,23496.0,684037.4719710001,0.2487235893647347
Santoor,2740566.0039999997,15317.0,70282.34935600002,0.025645194917188363
Vega,2736408.357,18238.0,780256.2562040001,0.2851388222843379
Britannia Milk Bikis,2736343.6550000003,48155.0,159410.259239,0.05825666631737452
Nycil,2733641.431,21632.0,-122575.59151899998,-0.04483967433657175
Vanish,2715579.325,17087.0,133606.38202299995,0.049199955528089735
Bhagyalakshmi Premium,2712422.3830000004,50555.0,792567.8443179997,0.2921992715018823
Delfrez,2700453.59,41929.0,634798.2022819999,0.23507095423995045
Lotte,2684642.9529999997,23983.0,285308.91776500014,0.10627443677237483
Farmland,2643578.159,17984.0,777409.5471450002,0.29407473522139965
Snickers,2615220.3340000003,27831.0,139155.19594499996,0.05320974073804366
Medimix,2604161.789,15326.0,303854.87315600005,0.11668048983726181
EverFresh,2586590.727,12878.0,1021201.6191010004,0.3948060311363671
The Whole Truth,2576927.3770000003,22839.0,360797.05329999985,0.140010563169239
Peppy,2564669.587,45912.0,816400.537756,0.31832581549461014
Liberty,2557488.0,10346.0,96087.02371000008,0.03757086004313611
Table White,2543071.7810000004,14313.0,469805.5806420002,0.18473941009138983
Biotique,2539010.8559999997,18433.0,149928.24544499998,0.05904986388329172
Weikfield,2525811.289,42927.0,496045.1235909999,0.19639041354803285
Mother's Recipe,2514494.4450000003,33376.0,305071.87914499996,0.12132533430393
Jaya,2511556.3600000003,21962.0,533044.4360679998,0.21223670093869593
True Elements,2506829.519,10083.0,54215.03104300001,0.021626931800542603
Dukes,2493113.745,65262.0,575496.227868,0.2308343247564102
Amma's Special,2492633.515,33646.0,461920.80351299996,0.18531436760891018
Pepsodent,2488564.23,21345.0,-192042.95952099995,-0.07717018399842546
Godrej Ezee,2476818.261,11428.0,-121811.95147100001,-0.049180819355643474
Pantene,2469036.8039999995,7515.0,-1013802.7266900002,-0.41060656732519096
Yardley,2459187.7649999997,11730.0,249474.99943000005,0.1014460965448078
Palmolive,2441387.998,8595.0,-519507.8786490001,-0.21279201793184208
Parry's,2433859.7020000005,34280.0,282390.91733900004,0.11602596366049697
Sunfeast Farmlite,2413618.787,32881.0,59204.250046,0.024529246443092092
CoviSelf,2406670.4680000003,10378.0,241656.0814500001,0.1004109555766569
Slurrp Farm,2399104.6720000003,23080.0,435825.46575700026,0.1816617135732043
McVitie's,2398082.5760000004,27492.0,227894.22064900008,0.09503184874856455
Picfest,2369170.2079999996,11384.0,903382.0970229998,0.38130738516487367
Sunfeast Mom's Magic,2363332.284999999,37860.0,245269.12562300003,0.10378105828778965
Oral-B,2347396.404,24533.0,168471.12163499996,0.07176935320677945
Alpino,2343964.2199999997,9000.0,326364.63837,0.1392361861095303
TGFC,2342564.217,13509.0,395165.815173,0.16868942687046942
Liril,2320882.852,10383.0,-766414.6284100001,-0.33022546904922373
Delichic,2304847.136,11390.0,296706.8520450001,0.12873168350762162
Tong Garden,2301135.802,11393.0,446227.72698899993,0.19391629411926375
Anandam,2295275.164,12854.0,343836.24770000007,0.14980175496727507
Vadilal,2277196.5279999995,15474.0,673744.4948639999,0.29586576590107994
Mr. White,2251404.3279999997,5972.0,-83767.54977000004,-0.03720679965309192
Akshayakalpa,2248739.698,25915.0,333189.249888,0.1481671045271866
Nestle Lactogen,2240739.179,6263.0,251662.95648999998,0.11231247208446297
Top Ramen,2236200.6739999996,32827.0,65992.80081199999,0.029511126429434213
Purenut,2231905.565,12500.0,192239.83946000002,0.08613260456653775
Tetley,2204006.416,12659.0,-171852.83187699996,-0.07797292722445502
O'range,2190978.683,29556.0,663981.9061730003,0.30305265465378345
Dabur Red,2174941.7700000005,15871.0,-319782.2540800001,-0.14703026006990524
Everyuth,2160071.656,18818.0,-223888.555372,-0.10364867051984501
Fackelmann,2097866.0200000005,14326.0,375224.01382600004,0.17885985580051483
Navratna,2080823.7699999998,10977.0,106230.79258799998,0.05105227752564553
Open Secret,2062247.056,26684.0,53220.422098999996,0.025807005976397426
Orion,2048801.9130000002,42462.0,104415.479174,0.050964165208684076
Gemini,2035798.0,10075.0,65235.841901999986,0.03204435896979955
Satvikk,2024868.4999999998,12025.0,431031.03494300024,0.21286865539317754
Bajaj,2021503.9300000002,13382.0,-3406.9487069999814,-0.00168535349174413
Wipro Safewash,2013094.21,7230.0,192128.87647000005,0.09543958524921695
Origami Klassic,2007451.8439999998,29113.0,769087.4577290005,0.3831162675347347
Chemi Eco Kleen,1995259.588,12300.0,866274.7058779994,0.4341664167850622
Lifebuoy Total 10,1993166.738,11739.0,-61955.18404100003,-0.031083793874248384
Dukes Waffy,1987279.906,33052.0,571366.5359000001,0.28751185687276815
Protinex,1975269.475,3547.0,155665.86534999998,0.07880740694886705
Kellogg's Chocos,1952592.7970000003,30182.0,148229.91901500008,0.07591440429501906
Piknik,1930252.7159999993,37025.0,673842.7035589998,0.34909558627918025
Mangaldeep,1928679.6099999999,56233.0,546920.9470680001,0.2835727324705839
Listerine,1922240.694,12819.0,399780.027682,0.2079760505174281
Aravi,1914599.3789999997,15066.0,853364.0885279996,0.44571417806147723
Mirinda,1905158.5040000002,41707.0,25985.220840999988,0.013639401019097561
Complan,1905106.76,5899.0,-114300.94395199994,-0.0599971331538396
Too Yumm,1895530.9210000003,62534.0,-66076.65611099992,-0.03485918134014966
Vaseline,1875628.324,7366.0,-130219.90292499997,-0.06942734936274078
Portronics,1872870.1169999999,6642.0,606264.216967,0.3237086285183118
Parachute Advansed,1868866.8120000002,11853.0,51505.936686999994,0.02755998252859979
Parle Krackjack,1861706.1820000003,34412.0,123336.077516,0.06624894879142641
Britannia Nice Time,1859809.1400000001,68180.0,129840.91224000005,0.0698141058926079
Huggies,1857994.783,4827.0,-26681.77224,-0.01436052053758646
Cothas,1851984.09,15219.0,176223.50890099996,0.09515389999975646
L'Oreal Paris Casting Creme Gloss,1848493.584,3417.0,163717.55983999997,0.08856809742651504
The Natural,1837287.937,12242.0,354477.07312999986,0.192934959181632
Meatigo,1830054.843,8511.0,191453.58873000005,0.10461631216261863
Storia,1812818.9570000004,16230.0,267960.937377,0.1478145053273513
Knorr,1805632.0479999997,36293.0,83980.40416499999,0.046510253436197316
MTR 3 Minute,1790127.4879999997,62779.0,-96066.91883200004,-0.05366484760218377
Niine,1768876.6929999997,29841.0,139353.69300000003,0.07878089725047897
Fanta,1755795.736,35985.0,214897.64745999998,0.12239330752082427
Tops Gold,1750193.384,13022.0,384870.04201800015,0.21990143805617318
Garnier Color Naturals,1723659.6360000002,9650.0,148937.03666999988,0.0864074516565403
Charlie's,1719502.062,28744.0,529793.8315450001,0.3081088666615394
Cadbury Bournville,1695838.3110000002,16891.0,116182.375359,0.06851029051849271
Boroplus,1683991.064,13822.0,-320275.1443510002,-0.1901881495678769
Cadbury 5 Star,1682927.3149999997,21057.0,136816.78951,0.08129690943307319
Hudson,1680293.0,2747.0,217562.89983000007,0.12947914430995075
Real Thai,1674164.0489999999,10643.0,408690.17668399995,0.24411596756489662
Clean & Clear,1668564.4710000004,9921.0,117143.14418699995,0.07020594422509427
Kesh King,1656883.915,7905.0,-654211.6055640001,-0.39484456312318056
Nutralite,1644623.0619999997,13278.0,-30005.584990000003,-0.01824465780840425
Nestle NAN EXCELLAPRO,1643571.255,2143.0,184767.03232,0.11241802371385475
Walton,1636436.0330000003,7048.0,657827.717008,0.40198804214915496
Sunfeast Marie Light,1627368.3460000004,22539.0,139592.69538399996,0.08577818029158098
Little's,1613221.201,11081.0,270338.14942599996,0.16757661581587407
Ratan Brooms,1610797.626,13977.0,834208.708156,0.5178854839931333
London Dairy,1602835.4249999998,5768.0,316631.356087,0.19754452088367092
Sting,1597601.525,66467.0,210026.41777900004,0.13146358118242285
Hershey's Kisses,1592059.2090000003,28668.0,47919.74508599999,0.030099222952957385
Sleepy Owl,1579974.6349999998,13645.0,-306431.844043,-0.19394731868148002
Licious,1559298.401,8100.0,263143.047814,0.1687573383293683
So-Lite,1545173.9419999998,32522.0,229662.99341400014,0.14863245306656883
KLF,1545053.434,7628.0,153974.08261900014,0.09965615378128091
Sunfeast Bounce,1544417.544,102069.0,149775.15636099994,0.09697840907264385
Plum,1539447.7299999997,14935.0,95698.7585,0.062164344157368705
Aptamil,1522029.352,2067.0,196721.32860999997,0.12924936588870722
Goclean,1511357.1679999996,9736.0,596431.0125890002,0.3946327348804424
Eno,1505648.129,14692.0,99424.33630999998,0.06603424425335967
Moov,1496869.341,7629.0,149909.58850899996,0.10014874672284436
Lotus Herbals,1491982.559,5326.0,173595.45146,0.11635219889993367
Cadbury Perk,1487488.494,54850.0,115590.06856,0.07770821019876743
Gillette Fusion,1479092.171,1551.0,-37287.887580000024,-0.02520998238723016
Britannia 5050,1478931.0610000002,35633.0,85315.50985700001,0.057687279756848654
Chuk,1437690.987,6457.0,548820.0397529999,0.3817371359461683
Closeup,1434383.0460000006,8777.0,-118934.048117,-0.08291651832379504
Engage,1419796.2370000002,8283.0,-126860.05357999998,-0.08935088731327576
TilSona,1409456.0,4756.0,225735.61707,0.16015797376434596
Drools,1403505.4039999999,2729.0,193773.63097100004,0.13806404337221923
L'Oreal Paris Excellence Creme,1389354.06,2388.0,122597.47011000005,0.08824062464682332
Gatorade,1382312.8699999999,23019.0,251790.756155,0.18215178460647627
King's,1381286.0,7894.0,40518.986020000004,0.029334247954442456
Kinder Joy,1357224.4239999999,23609.0,203587.48184700002,0.1500028132760747
Cadbury Gems,1352355.6779999998,135918.0,147703.847026,0.10921967454925717
So Good,1352300.1030000001,8479.0,142092.93822399995,0.10507500362439885
Jade Forest,1349269.1409999998,22619.0,-222034.68772400005,-0.16455922764189274
Nestle Milkmaid,1344329.7139999997,10432.0,86771.91108100001,0.06454659908008255
Manforce,1342056.9330000002,17696.0,143208.26360300003,0.10670803904188765
Frooti,1331890.5019999999,20417.0,252698.70609699996,0.1897293401503662
VWash,1323680.56,6318.0,181924.2828300001,0.13743820701725806
KamaSutra,1322611.4370000004,7330.0,100496.15889600004,0.07598313161721133
Raw,1320011.1490000002,8991.0,627728.6645810001,0.4755480020426706
Kingfisher,1318586.2659999998,22124.0,189285.689873,0.14355199561361123
Borosil,1314162.315,1342.0,132853.49919,0.10109367592845638
Sirona,1306762.6640000003,9252.0,-27443.449774999994,-0.021001097239031607
Happy Baby,1288029.6739999999,4065.0,257090.7130069999,0.19959999229567432
Sunrich,1287185.541,6694.0,47383.00285999998,0.03681132311600444
Britannia Tiger Krunch,1287041.0209999997,15780.0,203250.0672680001,0.1579204267398406
Aravali,1278028.9590000003,46722.0,221178.98562900006,0.17306257739422634
Aquafina,1274350.519,50021.0,418998.85342900007,0.32879403836064985
Schiff,1267998.28,22592.0,377706.204562,0.29787595970713776
Cavin's,1256251.622,20859.0,4419.525181999987,0.003518025453343444
Colgate Visible White,1254519.0550000002,9863.0,-8466.768186999994,-0.006749015212845845
Neutrogena,1254213.2859999998,4602.0,95522.02811999997,0.07616091233146129
Ezee,1249916.42,15703.0,576035.9061760001,0.4608595398530729
Chef's Basket,1242682.8429999999,14866.0,-874929.995918,-0.7040654024045297
Freshwrapp,1219412.716,9484.0,404647.86213799997,0.3318383159602872
Gunsberg,1214389.0809999998,13528.0,368329.238386,0.30330414209809586
Monster,1208236.6569999997,10920.0,273363.57195799996,0.2262500234322886
Kinley,1204521.147,45989.0,146666.952829,0.1217637010311451
Again,1194710.781,9697.0,498731.91366100014,0.41744991473463583
Natural Tattva,1189963.676,28800.0,239167.10215399993,0.20098689311084478
Vicks,1189046.79,25297.0,151557.10292399998,0.1274610084301224
Barilla,1183054.247,5247.0,-24322.604899999995,-0.020559162829327127
Haagen-Dazs,1180877.201,3477.0,-212134.12707000002,-0.1796411404084683
Pillsbury,1176007.324,7535.0,36547.76280900001,0.031077836050109504
Alpenliebe,1170381.6469999999,20317.0,241463.813951,0.20631203041327253
Balaji,1167941.0,2859.0,96229.38480999997,0.08239233386789228
Salsalito,1167339.467,6826.0,289210.35059600003,0.24775171128177065
Feel Fresh,1165460.9849999999,12037.0,491985.0550459999,0.42213773037284463
Wai Wai,1160003.5440000002,31577.0,261734.78762400008,0.22563274825994845
Friends,1153110.598,2484.0,119852.5814,0.10393849610599104
Plum BodyLovin',1150861.4189999998,24927.0,-112830.79286000003,-0.09804029485847249
Happilo,1146184.601,3580.0,109379.62200000003,0.09542932430305791
Lal,1144100.918,10384.0,313266.4317070001,0.27381013927916464
Fogg,1143141.6800000002,4521.0,199107.9904599999,0.17417612702215518
MCaffeine,1122328.9160000002,2791.0,23770.45930999999,0.021179583784331532
Sugar Free Gold,1122195.3760000002,4927.0,149105.63481999998,0.13286958582156905
Domex,1112501.1860000002,6388.0,-7243.971796000007,-0.00651142838062557
Glow & Lovely,1110477.5670000003,6773.0,5137.639810999998,0.0046265138204273125
Tata Soulfull,1101461.142,5935.0,190478.74497799992,0.17293278692713057
Bombay Shaving Company,1093064.94,4384.0,-152133.34799000004,-0.1391805211408574
Scotch,1088481.8329999999,8269.0,226790.55428399995,0.2083549283123405
Ambi Pur,1084057.371,4466.0,26706.78163,0.024635948561803563
Puro,1073211.9589999998,9791.0,240692.523984,0.22427305432588834
Ruchi Gold,1064007.92,6502.0,65070.07867000001,0.06115563375693671
Garnier Men,1057394.239,4503.0,33128.7343,0.03133054170158004
Bounty,1044796.097,7787.0,167095.26225900007,0.15993097862711492
Vinayak,1042820.2579999999,4694.0,408468.7642739997,0.3916962306211736
Pee Safe,1040135.4789999998,6700.0,113181.21157999993,0.10881391305757002
Beco,1032368.8470000001,7417.0,343423.12878300017,0.33265545524835094
Dhampur Green,1031675.245,12914.0,221717.42012199998,0.21491009035697078
Luv Lap,1023098.059,4481.0,251962.322973,0.24627387448987428
Rage Coffee,1022415.216,2602.0,246461.97756000006,0.24105859703872018
Budweiser,1019519.2309999999,19025.0,-268866.86611699994,-0.2637192687903304
Cadbury Nutties,1015092.9070000001,26492.0,93252.691791,0.09186616431652397
Olay,1015008.8890000001,3360.0,30154.157458000012,0.029708269341077672
Davidoff,1007675.3159999999,1834.0,245068.70637000003,0.24320205375557702
Tata Coffee,1001208.476,8223.0,35728.315794999995,0.035685191098002646
Real Fruit Power,998719.0,8656.0,115692.57608999999,0.11584096837048258
Mee Mee,995577.4389999999,4378.0,191360.48864700005,0.19221055153601171
Betty Crocker,986456.7410000002,5575.0,49668.046635000035,0.05034994903542357
Ensure,973912.838,1603.0,70462.06183999998,0.07234945376087135
Nilgiris,971608.4780000001,38376.0,384323.0226560001,0.3955533852968295
Lacto Calamine,964787.5610000001,5123.0,174055.07489999998,0.1804076689375973
Pasabahce,963570.8589999999,2602.0,261615.90714000008,0.2715066615977851
Broadsky,954391.0599999999,8534.0,348003.130373,0.3646336862931218
Raag,951292.656,5900.0,65300.09636499999,0.0686435409262741
MasterChow,947260.59,6410.0,147957.71554000006,0.15619536704255801
Livon,941732.112,4628.0,19718.190310000016,0.020938215930774183
Pigeon,929851.013,6248.0,196833.63020300004,0.21168297657487203
Himalayan,925477.074,15895.0,65277.91050199999,0.07053433557231477
Zandu,915042.5160000001,10117.0,-108674.12042299997,-0.11876401207897531
Wipro,910430.5279999999,3955.0,74183.34688999999,0.08148161184023917
Brooke Bond 3 Roses,896794.414,4050.0,81590.45839700004,0.09098011442007047
The Baker's Dozen,895292.6639999998,9816.0,195213.34438800006,0.21804416839050533
To Be Honest,887372.193,8341.0,145710.05513400002,0.16420399048271736
Kellogg's Special K,883742.0449999999,2546.0,-10546.884930000007,-0.011934347799419239
Prabhat,882625.8949999999,13423.0,177274.731089,0.20084922966031948
Chitale,879881.8,3701.0,83074.16504500002,0.09441514194861175
Rostaa,879649.751,1141.0,175956.88682999997,0.20003062199468521
Ultra Wrap,878864.2969999998,7729.0,374819.36528999987,0.42648150183076555
Hellmann's,878265.531,6036.0,44847.61861799999,0.05106384918344244
Cadbury Fuse,872957.5359999997,19976.0,67511.83924500002,0.07733691097318168
Chupa Chups,870228.5099999999,22641.0,179757.92058400004,0.2065640444071409
MP'S BEST,868015.1480000002,2516.0,63033.24683000003,0.07261768066517661
KVG,860695.517,10117.0,382712.10562999995,0.4446544661507746
Fortune Xpert,860361.754,4105.0,65359.51069,0.07596747575787755
Amulspray,852597.066,3060.0,65608.03842000003,0.07695081420793914
Paperwrap,845711.365,4752.0,341570.84855500003,0.40388584414376416
Sani Fresh,845078.039,5104.0,72778.84947,0.08612086234795649
Monsoon Harvest,841819.946,4297.0,-94986.32719999994,-0.11283449347017485
Enerzal,841207.5050000001,26349.0,277295.5398209999,0.32963987859452093
Dabur Hajmola,836699.161,16359.0,69696.06315100002,0.08329883236371505
Hansaplast,830297.2500000001,22339.0,253956.30499100007,0.3058619126957244
Set Wet,826993.7420000001,6457.0,-102222.13557200001,-0.12360690339057004
Muffets & Tuffets,824020.8650000001,23683.0,309492.8753610001,0.3755886392039357
Maybelline,810644.2679999999,4755.0,7156.645749999993,0.008828343124730506
Apis Himalaya,807107.676,2462.0,204622.53242899987,0.25352569243685386
Diet Tofu,805491.7850000001,19998.0,128894.43956299998,0.160019558192018
Faber-Castell,797713.457,5703.0,262565.2525340001,0.329147327564765
Parle Melody,796888.671,13386.0,134635.72924500005,0.168951742124842
Country Bean,793079.935,3778.0,-52964.037090000005,-0.0667827223368096
Twix,781045.8699999999,12184.0,62949.83621700002,0.08059684921834363
Godrej Expert,780568.234,7804.0,111677.27495800002,0.14307176502137803
More Light,779409.421,3510.0,106031.79602999997,0.13604120398488226
Egg First,775334.246,11941.0,182076.364267,0.2348359629493265
Sebamed,774329.8200000001,1380.0,168811.25751999998,0.2180095008093579
Sugar Free Natura,773604.552,4628.0,93363.38002300005,0.12068618234164688
O.B.,772556.7309999999,4553.0,49035.916362,0.06347225309722919
Bio Nutrients Pure Diet,772352.6559999998,15081.0,212795.73766899997,0.27551628911469683
Harveys,769575.0210000001,13105.0,189608.00162999996,0.24638014028004676
Mars,758054.36,7439.0,64583.70904899999,0.08519667250380301
Glucose-D,752350.389,4417.0,2965.699285999998,0.003941912344781148
Star,746563.621,9003.0,320787.69001300004,0.4296856704366526
Heineken,733783.3400000001,8935.0,85521.57553100004,0.11654881062167483
Germinix,732862.3489999999,4229.0,253385.39953899995,0.3457476016945714
Colgate Active Salt,728938.3310000001,6069.0,-46906.159477,-0.06434859779242422
Colgate SlimSoft,724907.126,7458.0,189517.83032200005,0.2614373945635624
Mangalam,721948.2450000001,3914.0,247811.64815600013,0.3432540349980352
Mortein,720206.1470000001,4865.0,-68059.28529799997,-0.09449972842011853
Typhoo,717195.164,4871.0,-116015.05219700001,-0.16176217858183997
7UP,716711.584,13945.0,33641.30369200001,0.04693841210748452
Indulekha,716650.9240000001,2270.0,94893.45353500001,0.1324123786868933
Best,711809.7910000001,8943.0,139662.182212,0.1962071665462663
Vatika,710160.3839999998,2768.0,-363876.21518999996,-0.5123859671535832
Timios,708695.264,7490.0,78865.95959800003,0.11128331682769653
The Laughing Cow,706747.931,10858.0,37814.59381899998,0.05350506476261616
Smoodies,700554.592,12256.0,-48854.541705999996,-0.06973695164359153
Anchor,696206.7,1943.0,158005.08517400004,0.22695139988454585
Vicco,695526.3100000002,6820.0,107050.60850499997,0.1539130971264048
Meatzza,692470.029,2701.0,123689.98401000001,0.1786214259534401
Candyman,688757.2930000001,10037.0,12240.308832000008,0.017771585079970988
Sugar Free Green,680662.527,4522.0,20700.15402499999,0.0304117726536751
Margo,678072.288,4211.0,-38722.401128,-0.05710659735441068
American Garden,673146.28,2983.0,166087.62185600007,0.24673332794173664
DNV,669883.545,14269.0,115411.14126999998,0.172285380244711
TGL Co.,668179.314,3520.0,-31006.881369999992,-0.046405030386798225
Baygon,666661.0760000001,3909.0,2198.903900000016,0.0032983835102441406
Milton,663779.2870000001,1085.0,121256.8175,0.18267641047979852
Parle Kismi,662837.807,12759.0,60232.00041699999,0.09086989272626084
Nimyle,662228.075,1850.0,74442.55445000007,0.1124122598547337
Puramate,656270.633,10450.0,194119.5881529999,0.29579197726039325
Stellar,656067.0,3474.0,143915.05896700002,0.21936030766217476
Nature's Solutions,653234.389,5660.0,215436.417591,0.3297995653915275
Boost,649867.6159999999,2468.0,-22221.917110000006,-0.03419452910544785
Giffy,646665.4759999999,4860.0,125988.01915199995,0.1948271924632636
Auradecor,642337.3829999999,3641.0,317733.80539199995,0.4946525203126781
Date Crown,638043.148,3835.0,91521.13349000005,0.14344035160769417
Double Horse,633583.0789999999,6573.0,100678.62419400003,0.15890358743939884
Godrej Nupur,633249.6560000001,5443.0,123861.09767099995,0.19559599677224293
Baidyanath,630451.5349999999,2741.0,90705.74480299997,0.14387425482753402
Sagar,629995.0,1278.0,23124.50484999999,0.03670585457027435
Furr By Pee Safe,628244.238,4181.0,60236.464728999985,0.09588064813894877
Glade,625661.183,5521.0,87852.340737,0.1404152009491054
Tata Q,623841.1460000002,6247.0,40854.166302000005,0.06548809190280629
Skore,622319.8560000001,5468.0,100295.86671500007,0.16116449724046736
Super Sarvottam,616601.0,3596.0,35651.44533999998,0.05781931158074667
Pulse,612021.194,10420.0,105285.87809899998,0.17202979101243343
Minute Maid,606046.5670000002,7441.0,99691.326351,0.1644944989037451
Amul Lite,605541.131,3533.0,70535.14905199996,0.11648283731860976
Godrej Cartini,600400.8500000001,2837.0,152678.63465100003,0.254294501167012
Orbit,599339.253,11048.0,85390.49345699999,0.14247438830274645
Toblerone,595790.4180000001,1810.0,159123.48401000004,0.26707962935046736
Chandan,595196.152,6703.0,171593.98039599994,0.288298201894289
Vijay,594580.917,14797.0,139539.81882399996,0.23468600292128103
Henko,593626.4380000001,1711.0,-62990.156283999975,-0.10611076638739592
Finish,589409.115,1423.0,-15088.980990000005,-0.025600182633755172
Heinz,588557.2139999999,4578.0,-22224.495351999984,-0.037760976882699436
M&M's,581209.513,6371.0,29177.62931699998,0.0502015687361951
Meat 99,581043.1240000001,3035.0,94890.86306999995,0.1633112227828376
Sante,574530.098,19112.0,-361628.57172299986,-0.629433641478257
Nua,568076.6070000001,2666.0,104517.27246499996,0.18398446825147993
Meswak,559568.268,4049.0,-66414.43372999998,-0.11868870614728992
Happy Kitchen,557774.122,3447.0,156844.33971099998,0.28119687437023116
Bingo Yumitos,554432.593,9315.0,-65129.553988,-0.11747064442151221
DND,553926.0930000001,4385.0,134874.84599000003,0.24348888361538154
Oxi Green,553181.174,3787.0,210069.84933300005,0.37974873189194985
Herbal Strategi,545553.2239999999,3649.0,122832.02407500005,0.22515131186357001
Colgate Zig Zag,544880.606,7001.0,136051.548645,0.24969056917580948
3M,539887.059,4644.0,98877.42491599999,0.18314464713998635
Real Good,535664.658,2753.0,16313.852789999999,0.030455346542575146
Rath,531045.0,2575.0,93908.07538999998,0.1768363799489685
Lakme 9To5,530262.8030000001,2766.0,8047.929549999999,0.015177247026320263
Prolyte,529760.45,23549.0,205328.89856400006,0.38758819871132333
Plush,527542.313,2193.0,97251.583329,0.18434840378197304
Zama Organics,523952.341,12315.0,188004.15619799998,0.35881919305710286
Godrej Expert Rich Creme,522489.35299999994,15386.0,50748.526836,0.09712834633780566
Bombae,521960.36299999995,2559.0,-46920.89489000004,-0.08989359770600061
Old Spice,516827.82000000007,3972.0,32373.181405,0.06263823299024421
Farm Made,515392.216,3994.0,125976.73701000001,0.24442887008988123
Lifebuoy,515311.0559999999,3545.0,3655.0886829999995,0.007092975476544016
L.G,509194.26099999994,4526.0,148984.334572,0.2925884008971578
Fresh Ones,506633.497,3009.0,206316.31839599987,0.4072299198882222
Meativorous,504766.75000000006,2789.0,95870.960036,0.1899312108731409
Milka,504368.992,1965.0,138801.51984200004,0.27519836081041243
Galaxy,504049.75500000006,6926.0,36543.43346700002,0.0724996552512956
Taina,503062.639,5531.0,233294.98978100007,0.46374938565254903
Dabur GlucoPlus-C,501350.226,1722.0,8912.968471000007,0.017777928499427876
Dras Ice,497619.45499999996,12475.0,160559.008447,0.322654202591416
Lindt Excellence,493693.729,1220.0,142049.86177999998,0.28772871405056877
Odomos,491621.56999999995,5966.0,13628.096996,0.027720705981228614
Hasbro,488151.31600000005,878.0,83952.89653999997,0.17198129716810998
Lakme Blush & Glow,487532.119,3602.0,37415.69989600002,0.07674509727224765
Apis,487381.76200000005,2893.0,117203.59406700001,0.24047595376989098
Fendo,486164.533,1440.0,195899.84833000004,0.4029496909639849
Daadi's,485986.688,5387.0,115133.81406699997,0.23690734110601805
Soex,484895.795,3756.0,146843.90199499996,0.3028359979797308
Bikaji,482088.195,3819.0,135365.34291999997,0.2807895823294324
Philips,482036.3219999999,1299.0,90148.7363099999,0.18701648028506848
Dabur Amla,480468.86399999994,2726.0,-36553.277677,-0.07607834849627218
Revive,479917.38600000006,4535.0,-8607.248138000006,-0.017934853766685598
Girnar,475468.813,2413.0,72803.43418399998,0.15311926291157182
Alpenliebe Juzt Jelly,474456.803,7620.0,83597.76865600003,0.17619679626766788
Smokman,468967.97099999996,1553.0,91632.21444299998,0.195391199632693
DiaCraft,466311.952,1574.0,119668.320933,0.2566271793372347
Ananda,465079.275,18460.0,126603.78718399996,0.2722197999126062
Power Brite,463759.664,3261.0,-56038.612068,-0.12083545943745552
Appy Fizz,458782.63599999994,10388.0,86629.94752600002,0.18882568939684113
Swadeshi Street,454914.172,2066.0,133579.6698099999,0.29363708152402845
Cheetos,452464.33300000004,14952.0,101594.53635,0.22453601077546145
Parle Marie,451253.10200000013,4592.0,-58508.54538999999,-0.12965793504949685
Aadhyam,450713.309,3424.0,97912.04865500002,0.2172379796643636
Spartan,450583.16500000004,2368.0,182635.71761400005,0.40533187167345686
Beyond Snack,449340.5509999999,7072.0,48313.061514000015,0.10751992315512165
Cubic,444748.05,2904.0,117511.16001200004,0.26421961830299207
Mattel,443218.809,2320.0,79506.01118600003,0.1793832066048443
MTR Minute Fresh,441733.67199999996,6134.0,68934.842154,0.1560552127300814
Goeld,440830.022,4050.0,-31829.915571,-0.07220450963523532
Dexolac,438951.069,1300.0,56562.60701999999,0.12885856992866782
Soulfull,434019.95,912.0,84936.46603000001,0.19569714717030867
JusVeg,433886.223,3295.0,101475.01588400004,0.2338747130120332
The Brooklyn Creamery,433374.91099999996,2786.0,96672.54608,0.22306908781805324
Dr. Morepen,430715.773,682.0,75030.19423200004,0.17419885440786967
Cocoyaya,429965.767,1480.0,58637.081726,0.13637616346791626
Nyle,429739.6009999999,1566.0,-4207.364010000003,-0.009790496384809562
Garnier,428328.1580000001,2867.0,27676.70327899999,0.06461565218647143
Jockey,428230.0,1333.0,85423.93920000002,0.19948144501786427
Flair,426912.306,1772.0,170600.47293999995,0.3996147933482151
Sunbean,423041.08499999996,3183.0,3988.900708999999,0.009429109489448287
Polka Pop,420371.301,7783.0,53463.675597,0.12718203043313844
Chicco,419069.12899999996,1539.0,60737.097792999964,0.1449333620396552
Pilot,419023.15299999993,6650.0,76993.10657900001,0.1837442776795678
Milkybar,418342.564,9460.0,21264.034607999998,0.05082924004835424
On1y,417860.466,3817.0,105781.547516,0.2531504081460532
Mother Sparsh,409690.82,1597.0,57711.27808,0.14086544111483873
Shunya,406063.835,7255.0,66213.297122,0.16306130074844022
Paperkraft,406012.01300000004,2520.0,85095.01084099998,0.2095874213480476
Cornitos Pop n Crunch,405200.2540000001,3235.0,3414.643117999989,0.008427050783635462
Elements,405081.738,3377.0,193018.42204600005,0.4764925296286747
Nature's Nectar,403868.657,1017.0,55177.49446000002,0.13662237339700273
Happa,403584.923,2615.0,27185.564346,0.06736020796792748
Happydent,403574.199,7570.0,53032.169190000015,0.13140624282079047
10X,402941.7249999999,6547.0,117015.79003699997,0.290403755126129
GM Foods,399510.96,5574.0,97323.29347299998,0.24360606645935315
Princeware,398799.07399999996,2042.0,187797.47862799992,0.4709075092486297
Dairy Craft,395866.0,1815.0,72631.37393000002,0.18347464528401028
Sugarlite,395466.451,4718.0,-126964.135582,-0.32104906815976664
Gulabari,394000.72,5038.0,2107.0100949999987,0.0053477315853635975
Hair & Care,392549.392,3580.0,1712.8518549999972,0.004363404682078828
Cream Bell,391698.50800000003,2855.0,60638.36519099999,0.154808772442401
Benson & Hedges,389654.033,1182.0,30631.992159999998,0.0786133071026112
Amulya,388296.53299999994,1826.0,34083.75938,0.08777765569181636
Svami,388098.004,4638.0,99897.23558400002,0.2574020854381926
Why Fryy,384661.585,9758.0,65395.460004,0.1700077745065185
Nestle NANGROW,378808.0,719.0,39438.84925,0.10411303153576482
Enfamil,376269.114,519.0,51514.95872,0.13690987860353587
Mysore Sandal,374524.746,2988.0,18738.641890000006,0.05003312088221804
Fevikwik,371753.8989999999,12640.0,84267.98529000001,0.22667680289749975
Sat Isabgol,371546.08599999995,3443.0,46577.02584499998,0.12536002288825077
Juicy Jay's,369470.02300000004,1775.0,149475.86468800003,0.40456831510793506
Vahdam,368500.905,2077.0,29280.083300000017,0.07945729007097015
Pass Pass,367970.76200000005,5019.0,90055.58679199999,0.2447357129749346
Idhayam,367678.0,1539.0,32269.11827000003,0.08776461542436598
Cherry Blossom,366412.31499999994,4893.0,18864.88398100001,0.05148539830327486
Brown & Polson,365576.743,7817.0,61204.177279999996,0.16741813709960207
Cetaphil,363906.0,592.0,82453.6272,0.22657946612586768
Wah Luft,363436.988,2871.0,93042.73827000002,0.25600789501920485
Sheba,360590.526,3362.0,32560.832602999988,0.09029863586321729
Center Fresh,360369.1870000001,19859.0,65915.55785900001,0.18291119284568574
Spinz,360185.80799999996,2451.0,-47130.686310000005,-0.1308510365016936
Rajam Snacks,359734.79399999994,4785.0,96513.310118,0.26829017300450514
Herbal Essences,359148.671,748.0,-30282.807699999998,-0.08431830644307187
Vivel,356569.948,1987.0,-26396.819190000006,-0.07402984838755959
Starbucks,353058.98699999996,892.0,100551.90026,0.28480198483093705
PurePet,352938.201,3080.0,58836.74038599999,0.1667055031710778
Nirosta,346670.686,2982.0,83737.18494699999,0.24154677141349065
Fem,341458.31700000004,5061.0,20125.780743,0.058940666374221004
Ekta,341376.394,1317.0,124419.61794999994,0.3644646206849322
Continental,337287.814,2153.0,75280.32153399997,0.223193125898109
Step-Out,337140.03599999996,2555.0,130161.13089500002,0.3860743815516471
Mentos,336010.907,5675.0,70080.223677,0.20856532397324828
Yu,335075.124,4930.0,64755.82921300001,0.19325764455435973
Asal,332492.567,5028.0,75612.14407899999,0.22741002832403165
Sams,332099.388,6299.0,107756.40492600003,0.32447035080353726
Britannia Pure Magic,329202.51399999997,3328.0,-98985.74460500003,-0.3006834407254862
Venky's,328296.74199999997,1064.0,49553.57949999999,0.15094142938524804
Chaayos,327292.864,1217.0,74342.65043000001,0.22714412261062927
MMTC-PAMP,326453.275,371.0,11102.781800000004,0.034010324448422224
Colgate 360,326194.02300000004,3092.0,90170.99771300005,0.27643362954262357
Amul Kool Cafe,324060.757,9111.0,39294.471105,0.12125649359326776
Omay Foods,322187.43799999997,4152.0,89872.85630500002,0.2789458734421546
La Shield,320452.78,1309.0,33778.29329000001,0.10540802076986196
Doobidoo,319662.0,615.0,-47160.34852999998,-0.14753191974648217
Abbie's,319424.998,1025.0,84547.94618299998,0.2646879446266756
Kraft,308985.0,516.0,88980.09456,0.2879754504587601
Sweekar,306817.0,1445.0,8276.7508,0.02697618058973264
Stash Pro,306726.196,4221.0,183709.6671570002,0.5989369983807976
7Dragon,306131.13,2267.0,131575.984874,0.4298026955768921
Colgate Sensitive,305328.04800000007,2223.0,20599.811273999996,0.06746779868058499
Parle Mango Bite,302619.69499999995,6732.0,5706.283975,0.018856287509641436
Prestige,300323.423,286.0,89480.9064,0.2979484766994015
Emami Fair and Handsome,294952.328,2550.0,-19086.120870000002,-0.06470917181572476
Ferns N Petals,288788.93700000003,973.0,101274.41694700003,0.3506866225523037
Popcorn & Company,287281.33900000004,1578.0,65622.75936000003,0.2284268083281247
O'cean,284369.607,6097.0,64060.19411699999,0.22527088880141818
Sea Shell,282977.172,870.0,105517.392193,0.37288305430163815
Alshan,278043.698,3587.0,171301.634049,0.616096085907331
Bosch,277832.542,199.0,43806.80130000001,0.15767339918014356
Ragu,276656.434,789.0,69676.79931000003,0.2518531678536709
Uniball,275942.58700000006,3240.0,57016.73206899998,0.20662534438368504
Happy Jars,275142.322,4545.0,59105.624671,0.21481836833157206
Sunny,273585.9920000001,2024.0,72912.90013999997,0.2665081629617935
Skittles,272863.492,5241.0,37870.850410000014,0.13879046307154938
Germisol,271096.31799999997,2778.0,100595.745425,0.3710701280162721
Charmis,270588.178,1668.0,-19.07262599999919,-7.048580666373085e-05
Clean And Dry,269666.713,1133.0,24757.673900000005,0.09180841648779992
Meera,268134.46,964.0,-6632.601962999997,-0.024736104277682164
Tabasco,267440.706,1164.0,49712.627759999996,0.18588280184991732
Post It,266139.99899999995,2927.0,53841.956847999994,0.20230689505638724
The Little Farm Co.,265469.825,1420.0,9873.095519999993,0.03719102734180803
Nestle Nestogen,264923.495,1193.0,30193.30684000001,0.11396990984132989
Apsara,264179.655,3681.0,66615.98585199998,0.25216168085312995
Kangaro,260238.01499999998,2373.0,61325.38607699999,0.2356511444993922
EMOI,259917.0,1627.0,82094.74869999998,0.3158498624560917
Khadi Essentials,259269.516,987.0,-881.5307069999926,-0.003400055357838492
CamPure,258160.9,1369.0,89216.56774500001,0.3455851282862742
14th Century,255726.521,3752.0,58492.69814800001,0.2287314507672828
Lawrence Mills,254726.80299999999,1944.0,60572.69516799998,0.23779474501550582
Karam,253979.253,1301.0,77259.948675,0.3041978734971711
Baked,252509.99300000002,3349.0,157351.05193000007,0.623147821044849
Fevicryl,251729.429,1990.0,41271.57838900003,0.1639521392192886
Moksh,250445.813,4739.0,110159.47476799997,0.43985352938601524
Delicious,248554.41899999997,11547.0,56814.341827000004,0.2285790856407989
Monin,248108.669,631.0,78851.21736,0.31780919900062016
MyFitness,246650.83699999997,889.0,33286.13676000001,0.13495245815849397
Catsan,245914.751,453.0,16376.929229999998,0.06659596125650875
Belkin,245219.0,361.0,40818.81752999999,0.16645862486185814
Akar,241073.86299999998,9789.0,85321.879331,0.35392422168553384
Vandevi,241062.326,1450.0,58623.73587100001,0.2431891239239101
Sugar Free D'Lite,240919.74099999998,2400.0,17803.501333,0.07389805940809144
Relispray,239498.933,1234.0,12062.122919999996,0.05036399439825478
Dalda,237918.0,1162.0,44187.11905800001,0.18572415310317006
Pudin Hara,236912.288,4991.0,22801.012944000002,0.09624242430177367
Malkist,235866.615,6137.0,5580.716962000005,0.02366047845304434
Twinings,235327.0,777.0,49459.96943999999,0.21017549809414132
Asian,234015.515,800.0,79990.64482499997,0.3418176988179607
Whole Farm,233357.798,2708.0,56447.48298100002,0.24189242212938614
Chabaa,231093.847,1146.0,56758.24959999999,0.24560692695552377
Control D,228770.596,956.0,38334.804809999994,0.1675687587490483
Lotus Biscoff,227244.447,841.0,59902.24545699998,0.2636026809359174
Remia,225386.57400000002,983.0,58605.02798999999,0.2600200488872065
Betadine,214308.723,1412.0,41904.28097400002,0.1955323161250885
Wrigley's Doublemint,213833.93300000002,4299.0,30881.259402,0.14441702010877758
Cocomama,212964.01600000003,2773.0,25586.035783000007,0.1201425304780128
Indira's,211459.75,1851.0,43777.74492999998,0.20702637230016577
Lindt,210381.01299999995,312.0,52609.04715000001,0.25006556627807486
Omsom,210027.1,458.0,40278.26224000001,0.191776500461131
Rangeela,208852.102,2408.0,37980.81961999999,0.18185509868605482
Bertolli,208646.0,217.0,11249.818460000002,0.053918208161191694
Indica,206040.961,3340.0,14836.664894999996,0.0720083269996008
Habanero,202852.135,869.0,62386.097279999994,0.3075446915064512
Nestle Gold,202672.95500000002,1024.0,-15558.133270000002,-0.07676472309785981
Ambika,202183.429,2273.0,67251.22817299998,0.33262482739374244
Shisha3Sixty`,202079.40999999997,824.0,77365.10221000004,0.382845051903111
Chik,201273.788,1022.0,-31213.27867,-0.15507870637382748
Rasna,200292.557,1927.0,37080.82348300001,0.18513330719024176
Hitkary,200170.713,1550.0,53118.02468999999,0.2653636183531004
Loacker,200168.722,1094.0,36240.88120000001,0.18105166900151368
Fevicol,199976.174,7378.0,39583.66771100001,0.19794191937585529
Koka,198320.34100000001,3590.0,52022.652035000014,0.26231626959031906
Ustraa,195892.435,373.0,-15189.30006,-0.0775389823501862
BNI,194910.592,710.0,19469.47647,0.0998892685626854
Parker,193137.91,572.0,38037.33153,0.19694389118117722
Nihar Naturals,192282.84399999998,1315.0,-1964.7923049999922,-0.010218240297090635
Kohinoor,190643.96500000003,4085.0,42767.95138899999,0.22433414762958787
BPL,190354.826,141.0,34634.50790000001,0.18194709652383603
Sophiya,188937.984,1077.0,113694.73268500001,0.6017568848675765
Dr. Cubes,187826.74599999998,3912.0,81420.45420899999,0.43348700833586284
Nutologyst,186098.311,975.0,44986.401228,0.2417346024596645
Bio-Oil,185288.202,358.0,-3305.3409100000003,-0.017838917288430487
Tai Hua,185174.134,544.0,49483.988870000016,0.26722948719176953
Oasis Baklawa,184844.967,514.0,46749.74783,0.2529132850557949
Parle Happy Happy,183911.654,2700.0,-53471.61590199997,-0.29074620742631113
American Pancake,183037.954,958.0,48847.774114000014,0.2668723783592993
Colgate Kids,182704.48400000003,2275.0,-2303.6588239999974,-0.012608660573431778
Baby Dove,182247.783,1901.0,17637.428365999993,0.09677719023885187
Bhagirathi,181070.39699999994,3855.0,42508.68716200002,0.23476331783819987
Dr Trust,180311.0,110.0,18611.842,0.103220779652933
Colombian Brew Coffee,180131.68300000002,1045.0,33875.62843200002,0.18806035600078203
Frestol,179581.27000000002,251.0,59743.337550000004,0.33268134004175376
Command,178030.81900000002,1020.0,31880.65032100001,0.17907377217087342
Kari kari,177421.167,23245.0,33316.162774,0.18778009037670235
Ujala,177063.077,2420.0,18842.554632000007,0.10641718731681145
Homelites,176807.00699999998,17764.0,43476.962630999995,0.24590067649864125
Parle Orange Bite,176369.825,4142.0,-1473.8431790000006,-0.008356549534479611
Rajnigandha,172507.08900000004,2715.0,37427.49033699998,0.21696204227873772
SafeKind,169873.5,1489.0,45183.25193,0.26598175660123563
Fevistik,169128.951,4746.0,37898.55063,0.2240807999217118
Softouch,167549.959,703.0,12144.26392,0.07248144966720045
Nandini Goodlife,166772.576,9143.0,35686.556933000014,0.2139833645850743
Neel Kamal,165378.0,1181.0,23419.182333000026,0.14161002269346604
Doms,164788.30800000002,1782.0,31756.85091599999,0.19271301041576314
Priya,164581.669,1700.0,26808.936115000004,0.16289138564392613
Cleanzo,163682.241,3054.0,75637.95415000006,0.4621023862326033
Strepsils,161544.05700000003,1693.0,26083.81578200001,0.16146564761586993
Real Activ,161498.0,648.0,-5866.107639999998,-0.036323097747340514
IAMS,161364.0,152.0,6322.173019999999,0.039179575493914376
Chandrika,161187.397,639.0,-7303.528990000002,-0.04531079430484259
Camlin,160619.30800000002,1976.0,38936.58874699999,0.24241536856204102
Volvo Plus,159400.99800000002,1649.0,100373.21150200002,0.6296899816273421
Milkmade,158902.53399999999,2248.0,44351.038280999965,0.2791084393971966
Axe,158110.093,872.0,2068.8098200000018,0.013084615793629328
Get-A-Whey,155107.05899999998,1050.0,59532.77352,0.38381730595510816
Roshi,154757.153,914.0,19528.55875999999,0.1261884079762051
Octus,154720.736,350.0,31171.829940000018,0.20147157223967715
Papacream,153018.20799999998,839.0,46249.78608599999,0.3022502138176915
Briyas,150720.316,2947.0,-49830.25863699999,-0.33061408016819704
Nutriorg,150689.70500000002,188.0,-6229.295,-0.04133855726905829
Tri-Activ,150406.78500000003,1032.0,13446.990109000006,0.08940414562414856
Ganesh,150311.0,246.0,32088.442812,0.21348033618298062
Candid,148866.88800000004,2027.0,-14586.053669000004,-0.09798051040739161
Pidilite Fevicreate,148273.523,807.0,35640.398268,0.240369268544324
Tic Tac,142490.73700000002,5643.0,13338.531122,0.09360981213817428
WickedGud,142455.205,689.0,26654.433680000006,0.1871074748023423
Gits,141250.73199999996,1474.0,20160.390893999996,0.1427276914501229
EKUM,138731.449,5960.0,54291.465668999976,0.39134216545954176
Batter Box,137792.181,1421.0,31829.07494300001,0.23099333149389664
Himalaya Men,137020.899,810.0,22225.477910000012,0.16220502180473953
Cadbury Celebrations,136692.0,466.0,17187.29761,0.12573740679776432
Aveeno,133961.589,155.0,16140.79829000001,0.12048825645088465
Clove,131954.701,1627.0,-18525.369535999995,-0.14039188748569098
Glen,130657.0,84.0,13896.740999999989,0.10636047819864217
Agnesi,129485.66500000001,557.0,29412.65181500002,0.2271498687904952
Paul and Mike,127903.228,511.0,31338.699139999997,0.24501882892275398
Blue Tokai,127499.6,604.0,18988.301989999993,0.14892832597121866
Suhana,126649.84499999999,2911.0,36687.151262,0.28967387415278717
Fabelle,126121.698,813.0,10807.11971999999,0.08568802903367183
Gulabs,125882.44000000002,2470.0,36785.60486999999,0.2922218926642984
Melina,125748.765,514.0,35479.17716499999,0.2821433448272831
Bodyguard,125407.415,1133.0,24703.429881999993,0.196985400600116
Brew House,125123.60999999999,3134.0,30110.492233999998,0.24064596788727563
Parle wafers,125057.0,3317.0,-79371.083,-0.6346792502618805
The Good Fish Co.,124408.08200000001,836.0,25734.793582,0.20685789193341955
Tagz,123671.95999999999,2478.0,12541.326511000001,0.10140800316417725
Old El Paso,122509.0,234.0,34995.022199999985,0.2856526638859185
Nirula's,122447.772,399.0,5309.526315000003,0.043361559204196896
Nimeasy,121829.0,696.0,19081.058040999993,0.1566216421459586
Airwick,121771.06400000001,288.0,-5336.91972,-0.0438274869635696
Belgian,121069.0,432.0,32241.793779999996,0.26630924332405487
Nestle Nestum,120122.0,606.0,13162.973459999996,0.10958003912688763
Wonderize,119804.343,1513.0,11779.941110999995,0.09832649481663612
WD-40,119639.33499999999,698.0,28802.857157999995,0.24074738594961262
Accu-Chek,118299.0,99.0,23828.895009999997,0.20142938663894028
SuperBottoms,116354.0,264.0,4657.897230000002,0.040032119480206976
Mr. Gold,115728.47399999999,649.0,9449.766630000004,0.08165463782059379
Stain Buster,115715.93299999999,480.0,16491.319299999996,0.1425155453743781
SOVI,114959.611,1102.0,-575.5961690000075,-0.005006942560026647
Engage On,114848.67,2030.0,19412.904015000007,0.1690302901635692
Pee-Buddy,114404.294,726.0,30232.210099999986,0.2642576519024713
Praakritik,114364.0,335.0,23761.33271800001,0.20776933928508978
Desi Foodees,113026.01499999998,2552.0,37931.490261000006,0.3355996427990495
Hamam,112245.295,1312.0,5385.107689999996,0.04797624426039413
Modern Kitchens,111167.362,2684.0,17227.362,0.154967804309326
Shubhkart,108840.51999999999,2850.0,23874.377059,0.21935192021317063
Havmor,108723.81199999999,785.0,23621.609716999996,0.21726252310763347
PHY,107635.963,428.0,588.3589000000027,0.005466192558708307
Rampura,106835.076,1561.0,26688.576,0.24981098904258747
Rasna Fruit Plus,105064.45,697.0,13773.920129999999,0.1310997214566868
Lindt Lindor,104293.686,131.0,30934.45841,0.29660911984643057
General Mills,103470.619,110.0,31261.186620000004,0.3021262163320005
Samrat,102936.51999999999,2164.0,20607.189922000005,0.20019318626664284
Kiwi,101889.327,1360.0,14515.693190000004,0.1424652965859712
Stonex,101660.33799999999,549.0,46992.118921999994,0.4622463376228397
Classic,101359.418,318.0,8055.2787,0.07947242455555535
Emami,101061.23599999999,954.0,-2300.986632,-0.022768241544166352
Ocean,100819.784,1470.0,21334.642792,0.21161166931284042
Anil,100747.943,5337.0,19558.592537,0.19413391434701552
Teabox,99363.58600000001,500.0,10826.496619999996,0.10895839266509559
Habibis Hukkaups,98797.0,509.0,59602.502840000016,0.6032825170804783
Ketofy,98749.86,346.0,18846.68072,0.1908527335633691
Blue Tribe Foods,98402.43299999999,302.0,28895.053829999968,0.29364166056747776
Robin,98171.126,1273.0,10573.710215000001,0.10770692611797078
Parle Poppins,97882.045,4716.0,-6584.6627199999975,-0.06727140529195112
Epigamia Origins,97760.053,3534.0,-12961.328079000003,-0.13258307131850677
John West,97658.39199999999,273.0,28494.740289999998,0.29177974064942624
Kopiko,97017.106,2250.0,12646.320071000006,0.13035144617692476
Honeywell,95709.246,345.0,29468.58109,0.30789690987639795
Ice Breakers,93842.739,424.0,26777.593849999994,0.2853453994986228
Jeeru,93693.043,1295.0,25635.397453999998,0.273610469178592
Pidilite,93169.981,891.0,19244.474444999993,0.20655230620901374
Maiyas,92972.0,668.0,30313.612936999976,0.3260509931699864
Snackible,92706.73199999999,3407.0,18269.138017999998,0.19706376898281777
Appy,92065.527,931.0,17655.293666,0.19176877862220895
BitMo,89242.516,1137.0,28682.935573999996,0.32140438055332277
Dream Living,88822.802,520.0,46781.356371999995,0.5266818352791888
Dash,86428.36799999999,771.0,32277.895767999995,0.37346413584947014
Stute,86293.602,223.0,25418.951179999996,0.2945635666013802
Finosta,85288.112,1086.0,35119.870558,0.4117792003415435
Master Cook,84992.946,2057.0,28314.292218000002,0.33313696666073916
G Basics,84607.505,1952.0,25808.952466000002,0.3050432992439619
Confect,84569.0,381.0,21044.284863000008,0.24884159518263202
Arata,84523.0,201.0,5601.526880000002,0.06627222034239204
Minus Thirty,84405.0,293.0,30089.2451,0.35648652449499435
Nerf,83774.0,306.0,19819.075779999996,0.2365778855014682
Kent,83738.0,76.0,10777.976600000005,0.1287107000406029
Digene,81529.0,844.0,14279.413902000004,0.1751452109310798
Diaper,81217.0,142.0,13415.855940000005,0.16518531760592
Smith & Jones,79841.42199999999,1675.0,14578.185003999995,0.1825892455171953
Britannia Winkin Cow,77393.0,3497.0,1758.5084209999989,0.0227218019846756
Ayush,77158.382,521.0,-9084.709694999998,-0.11774106013524231
Camel,76707.022,331.0,16729.371069999994,0.21809438867278663
Itch Guard,76634.62400000001,763.0,11286.421561000003,0.14727574785256337
Udupi Munch,75390.60199999998,1205.0,24403.264507,0.32369106837746175
Fevicol AllFix,74498.539,2406.0,12127.316835999995,0.16278596867517084
Alife,73891.118,1000.0,16937.250193000003,0.22921902728552576
Electral,73438.932,4123.0,16181.617848999997,0.22034113798114596
Omega,73314.685,552.0,23179.935051999993,0.3161704241380836
Gelusil,73053.0,582.0,12650.312070999998,0.17316622275608118
Love Beauty & Planet,72475.0,163.0,6696.300600000001,0.09239462711279754
GG,72347.0,708.0,28810.744074999995,0.3982299760183559
Senor Pepito,72197.16100000001,1240.0,34065.587912,0.4718411006770751
Bausch & Lomb,71941.0,316.0,13012.741394999994,0.18088074109339589
Chokhi Dhani,71487.536,596.0,41548.62831900001,0.581201012705208
Tez,71270.0,310.0,8612.867959999994,0.1208484349656236
Dana,70538.0,232.0,17598.46073,0.2494890800703167
Tiffany,70324.93,512.0,21924.610711999998,0.3117615717783153
NESTLE Les Recettes De l'Atelier,70064.294,199.0,8259.755730000003,0.11788823177180667
Jersey,69797.264,143.0,5859.040919999998,0.08394370472745175
Adinath,69569.0,127.0,9243.964789999996,0.13287476879069696
Nabisco,68934.265,117.0,20227.53782,0.2934322694236314
Frypop,68305.234,589.0,41719.719728000004,0.6107836440176753
Nilkamal,68023.353,67.0,10205.409520000001,0.15002802816850266
Health Ok,67502.006,625.0,-3217.0712940000008,-0.047658899114790765
Chetran's,66930.94,1161.0,13119.687582000006,0.19601827767546676
JK Max,65627.19,217.0,17856.165289999997,0.2720848674154721
Colgate Total,65261.073000000004,741.0,4799.062566999995,0.07353637239461255
Badshah,65211.772,1447.0,12458.656747999998,0.1910491981110404
Babus LaxmiNarayan Best Chiwda,63628.912000000004,595.0,10400.364559000001,0.16345344014368815
Morning Fresh,63064.104,207.0,9829.139280000001,0.1558594930643905
Sapphire,62506.586,289.0,20368.76156,0.325865846520557
DP,62275.848,172.0,16127.170101,0.2589634765150047
Ong's,62222.0,260.0,15202.62373,0.24432875397769277
Glass Ideas,61915.954,382.0,30299.868882000006,0.4893709443934274
Icelings,61429.015999999996,2056.0,25704.835553000004,0.41844778293371987
Woot Woot,60904.5,1259.0,15889.277796999999,0.2608884039274602
Harrison,60895.0,396.0,15797.000657,0.2594137557599146
Perrier,60761.637,155.0,10681.945119999997,0.17580081194981623
Tea Culture of the World,60650.013999999996,295.0,-4603.936689999998,-0.07590990317001407
Singer,59910.0,82.0,12463.252609999996,0.20803292622266725
Ram Bandhu,59694.568,777.0,14781.85283900001,0.24762475605820633
Temptations,59271.0,494.0,5264.355647,0.0888184043967539
Kleanmax,58494.725999999995,532.0,30122.974051999998,0.5149690598089134
Parle 20-20,57212.318999999996,791.0,-32330.294623000013,-0.5650932384509709
Yonex,56976.210999999996,120.0,13656.487010000013,0.23968752520240447
Nature Protect,56872.721000000005,344.0,-985.0339000000002,-0.017319971379600427
Krack,56685.764,625.0,8776.758632,0.1548317957221146
B Fizz,55538.666,2202.0,9976.880597,0.17963846299441186
Link,55401.22899999999,132.0,7353.889660000004,0.13273874592204454
The Gourmet Jar,55034.525,189.0,10197.154489999999,0.18528649952007398
Ring Guard,54997.162000000004,578.0,7885.479772000003,0.14337975788641608
Marvel,54826.574,407.0,10406.626590000003,0.1898099011256841
Kikkoman,54357.0,128.0,15392.72162000001,0.28317827731478945
Wonder Guard,53181.914000000004,464.0,20586.95167300001,0.3871043767435675
Tears,52257.0,375.0,7567.159556999996,0.1448066202996727
Tubs,51763.0,720.0,13308.493275,0.25710436557000177
Otrivin,50566.0,553.0,9527.026089999992,0.18840774611398947
Stellar Home,50463.0,95.0,7648.9883699999955,0.15157617204684612
Urban Platter,50380.0,131.0,3977.524589999999,0.0789504682413656
Smint,50031.044,1188.0,9362.143411999998,0.18712668502380236
Anand Sweets,49728.46799999999,394.0,8710.211405,0.17515543420722313
Fevicol MR,49481.073000000004,2521.0,12733.701755000002,0.2573448994325568
Colman's,48778.0,189.0,14571.52821,0.29873156361474434
Kook,48631.654,235.0,26863.366062999994,0.5523843804078716
Urban Granny,48414.35,517.0,5696.443961999997,0.11766023837973652
Danaram,48256.0,865.0,9886.026268000001,0.20486626052718837
Arcor,48009.383,674.0,9963.143566,0.20752492415909615
The Betel Leaf Co.,47833.406,426.0,10554.585740000006,0.22065302521003846
Shri Samriddhi,47716.769,656.0,20038.765582,0.4199522725857654
Mother Nature's,47425.977,596.0,9283.259973,0.19574209241909768
Maped,47010.425,876.0,12357.521200999998,0.26286767671213346
Sorrentina,46029.0,251.0,17880.654206999996,0.3884649722348953
Kohinoor Charminar,44711.815,128.0,6463.593389999999,0.144561194619364
Kitchens of India,44663.132,299.0,8945.905296,0.20029731224402267
Elephant,44308.1,175.0,17720.985058,0.39994910768008557
Kellogg's Rice Krispies,44104.0,99.0,13223.238720000005,0.2998194884817705
H.M. International,43692.838,151.0,14340.992910000004,0.3282229666564576
WOW,43689.0,488.0,2605.785376000001,0.05964396932866399
TAC - The Ayurveda Co.,43501.832,117.0,3301.1189200000026,0.07588459538899425
Impressions,42916.713,138.0,14712.127509999998,0.34280648450406714
Gas O Fast,42912.346999999994,763.0,7172.919616,0.16715281538900684
YES,42671.0,181.0,6071.0,0.14227461273464415
Bean 2 Brew,42599.121,436.0,10317.673206,0.24220389913679205
Prega News,41728.0,789.0,8078.496776999996,0.19359894500095848
Shan,41235.724,554.0,12128.223999999998,0.294119341762982
Super-Max,41144.672999999995,403.0,11993.612789999997,0.2914985565689147
Evolve,40822.556,940.0,8246.738752999998,0.20201426762694621
Honitus,40484.0,408.0,3775.803139999999,0.0932665532062049
Cadbury Choclairs,40403.53,205.0,5092.500540000003,0.12604098057768723
Dinesmart,40152.413,120.0,19482.92947399999,0.48522437428604825
Slay,40002.403,125.0,11028.243829999998,0.27568953370126287
Laopala,39128.0,31.0,7309.045729999999,0.18679834721938252
Eastern,38626.012,770.0,8992.225809000001,0.23280233561259187
Woodward's,37552.0,506.0,9444.681419000004,0.2515094114561143
Ambari,37472.0,441.0,11005.691960999997,0.2937044182589666
KE,37108.0,63.0,11205.128719999999,0.30195992023283386
Iodex,36827.0,210.0,-2702.009869999999,-0.07337034974339476
Smyle,36618.102,417.0,6594.250615999999,0.18008171521287475
Lo! Foods,35891.0,255.0,8351.595666000001,0.23269331213953362
Unity,35137.849,181.0,4878.2087619999975,0.1388306029205145
Crozzo,35082.516,277.0,-992.3486400000003,-0.028286130903496208
The London Essence co.,35050.0,96.0,489.70658000000185,0.013971657061340995
Amar,34953.0,116.0,1307.3377300000002,0.03740273309873259
Sunfeast Pasta Treat,34572.229,609.0,-8897.627150000002,-0.2573634216642497
Cremica,34496.095,325.0,9232.760153000003,0.26764653080297934
Fever Tree,34038.373999999996,326.0,7494.070397999998,0.2201653462647775
San Pellegrino,33559.631,46.0,1876.1928700000017,0.055906242532881296
Century,33040.0,118.0,6371.409319999999,0.19283926513317187
Flipkart Happy Baby,33015.0,55.0,3547.1264599999995,0.10743984431319095
Gustora,32855.0,1466.0,14006.790508000002,0.42632142772789533
Kama Ayurveda,32473.0,27.0,520.4848700000013,0.01602823484125277
Lakme Sun Expert,32205.239,104.0,236.05898999999977,0.007329831956844033
Hyzicplus,31903.0,325.0,12007.509087999999,0.3763755473779895
VG,31439.623,317.0,15817.97203599999,0.5031221918914228
Nicotex,29987.888,217.0,6958.6976300000015,0.23205027409732895
Saliah,29513.0,96.0,3147.7460799999994,0.10665625588723611
M-Seal,28951.536,1326.0,5618.381984000002,0.19406162021939016
Dinewell,28769.903,92.0,10870.03256,0.3778265279517974
Maxo,28445.579,551.0,716.3562469999993,0.025183394825607143
Daim,28324.0,41.0,8262.985320000002,0.2917308755825449
Oddy,27767.0,715.0,6590.4881700000005,0.23734966579032665
Cello,27644.996,275.0,6024.204264999998,0.2179130091029855
Essenware,27525.446,73.0,12815.624816000001,0.4655919041602451
IRIS,27359.037,186.0,9277.044579999994,0.33908520171963635
Shagun,26543.0,41.0,6106.52014,0.23006141506235164
Thela Gaadi,26511.0,40.0,1363.2342999999992,0.05142145901701178
Kores,26407.0,815.0,7176.646561999998,0.2717706124133752
Pringle,25997.0,21.0,5154.0964,0.19825735277147363
Nippo,25937.0,128.0,5711.368700000001,0.22020159231985198
The Body Shop,25888.0,16.0,4758.8632,0.18382506180469715
Vinod,25860.5,23.0,5132.036679999997,0.19845079097465237
Hoegaarden,25857.0,488.0,-13734.166972000006,-0.5311585633290794
Cesar,25783.0,84.0,3878.8866000000003,0.1504435713454602
Belocopia,25632.636,112.0,10393.005931999998,0.40545989620419837
Reynolds,25534.748,374.0,5232.644069,0.20492248715358383
Luxor,25389.163,247.0,6293.044578,0.24786341235431825
Triones,25389.0,48.0,7623.127960000001,0.3002531789357596
Malabar,24998.0,28.0,5627.69324,0.2251257396591727
Wonka,24870.0,141.0,7343.35008,0.2952694041013269
Indian Origins,24822.0,231.0,6426.481962000002,0.25890266545806145
Boca,24789.0,81.0,8794.4162,0.35477091451853643
Old Jamaica,24546.2,146.0,5664.766555,0.2307797767067815
Simply Home,24519.0,88.0,10235.952540000002,0.4174702288021535
Steelgrip,23916.79,1993.0,4084.8067300000007,0.17079243201115202
Colavita,23539.073,35.0,730.7060800000007,0.031042262369465473
Simco,23346.0,70.0,2877.7527999999998,0.1232653473828493
Khadi Natural,23235.195,280.0,303.1770529999995,0.013048181992877593
Post,23160.0,27.0,6792.893999999998,0.29330284974093257
W2,22681.0,109.0,13132.441683,0.5790062908601913
Oateo,22482.789,125.0,5753.493524000001,0.2559065747581406
Saule,22197.0,252.0,8560.012711000003,0.38563827143307666
The Man Company,21657.959,48.0,6260.948019999999,0.28908301193108726
Saridon,21102.0,562.0,3163.966302999999,0.14993679760212297
HE,21038.797,111.0,4311.572809999999,0.2049343795655236
Impact,20956.699,154.0,6717.367828999999,0.3205355876419277
Edible PRO,20775.746,125.0,6570.740970000003,0.3162697970027167
Evian,20675.0,86.0,192.11198000000005,0.009291994195888756
SVS,20526.978,98.0,1269.7819999999992,0.061859178686701925
Rise N Shine,20478.913,213.0,6959.875005999999,0.3398556850160943
Toni&Guy,20216.0,33.0,5931.251540000001,0.29339392263553626
Devagabond,20082.934,43.0,6620.712309999998,0.3296685788042722
Casio,19737.881999999998,44.0,1819.0377300000007,0.09215972260853525
Paper Club,19728.0,83.0,-28.240810000000025,-0.0014315090227088414
Pure Home + Living,19040.0,20.0,4040.0,0.21218487394957983
Pride of Cows,18914.0,165.0,3914.0,0.20693666067463254
Scalpe Pro,18908.286,155.0,-1757.5783139999999,-0.09295280989509043
Sepoy & Co.,18811.0,79.0,433.4369699999996,0.02304167614693528
Postcard,18430.517,241.0,2230.0720440000005,0.12099888700897542
Halo,18366.2,66.0,282.4156899999999,0.01537692554801755
Mediker,18327.895,368.0,1914.7622440000014,0.1044725673079206
Samyang,18295.0,144.0,6403.4123,0.350008871276305
Coral Tree,18172.375,123.0,7735.224655000001,0.42565843237331397
La Carne,18108.0,59.0,-1351.63002,-0.07464270046388337
Krishna,17569.0,62.0,2271.8020299999985,0.12930741817974833
Amul Pro,17473.338,101.0,3862.96827,0.22107786560301185
Fiama Di Wills,17418.794,79.0,-10765.824180000001,-0.6180579539547916
Roops,17394.1,118.0,7153.072935000001,0.4112355876417867
Nimwash,17283.0,168.0,3053.324547,0.1766663511543135
Magicleaf,17104.0,34.0,5214.231920000001,0.30485453227315257
Wingz,17007.665,130.0,6423.059975,0.37765677857601265
Komodo,16675.0,35.0,4004.35208,0.24014105427286359
Similac Advance,16625.0,29.0,2317.1937099999996,0.13938007278195486
Elovera,16455.0,71.0,3046.2767099999983,0.18512772470373737
IKEA,16440.0,37.0,3383.3691300000005,0.20580104197080296
PRO365,16192.0,45.0,4086.8099999999977,0.2523968626482212
Chappi,16131.0,23.0,224.66128000000015,0.013927300229372025
La Molisana,15990.0,57.0,4128.718769999999,0.2582063020637898
Paseo,15782.1,56.0,6886.0628,0.43632107260757436
Perfect Purity,15453.0,411.0,6825.0,0.4416618132401475
Saffron,15260.0,332.0,2956.6486280000004,0.19375154836173003
Parle Kaccha Mango Bite,15197.0,294.0,2608.749067999999,0.17166210883727046
Nestle Coffee-mate,15094.0,19.0,3175.477999999999,0.21038015105339863
LuvIt,15030.297999999999,115.0,6068.663925999995,0.4037620495614921
Jacker,15004.526,77.0,4554.90421,0.3035686838757852
Crocin,14878.0,253.0,2054.50053,0.1380898326387955
Ciphands,14654.0,120.0,4758.098739,0.32469624259587826
Delmy,14541.858,325.0,8065.773088999999,0.5546590462511737
Royal Dansk,14500.0,29.0,4639.855029999999,0.31999000206896544
Fevicol A+,14434.907,632.0,3509.026387000001,0.24309310666151163
Rex,14324.059,473.0,2278.507044000001,0.1590685324599683
Kettle Studio,14147.1,143.0,3379.119999999999,0.23885601996168818
InstaCuppa,13996.0,10.0,1705.9649999999992,0.12188946841954838
FreshBurst,13836.614,225.0,6007.869112000003,0.4342008176277811
Kitchen Kraft,13616.0,32.0,3409.75124,0.2504223883666275
Harshaman,13579.0,97.0,4065.9971900000005,0.29943274099712797
Empress,13290.0,353.0,3381.653675999999,0.2544509914221218
Sprig,13113.0,37.0,6.3192000000000235,0.0004819034545870528
Walkers,13011.666000000001,38.0,2249.43668,0.1728784523058
Eurospa,12984.277,61.0,5407.344245000001,0.4164532414858371
Babool,12764.986,134.0,-82.36940500000017,-0.00645276109194324
Staedtler,12670.0,16.0,1295.3534999999997,0.10223784530386738
Meiji Hello Panda,12595.16,98.0,2855.0089100000005,0.2266750807453022
Nando's,12409.446,36.0,290.89716000000044,0.023441591187874176
Evocus,12240.0,66.0,191.49158800000055,0.015644737581699392
Brut,11706.0,35.0,3722.10821,0.31796584742866907
Full Houz,11142.108,77.0,4011.298341999999,0.36001251666201756
Loreto,11012.75,45.0,3515.71415,0.31924034868674944
Moti,10930.111,167.0,741.3134369999997,0.06782304745121066
Kapiva,10783.0,20.0,286.51813999999985,0.026571282574422688
Olitalia,10734.0,14.0,3236.972669999999,0.30156257406372267
Kellogg's Pop Tarts,10677.0,18.0,3688.6399999999994,0.3454753207829914
Bragg,10440.0,16.0,3.513600000000224,0.0003365517241379525
Fevigum,10384.0,322.0,1891.4438490000005,0.18214983137519264
Lal Qilla,10164.0,52.0,1643.0399999999995,0.16165289256198342
Fena,10051.0,30.0,2038.0357960000003,0.2027694553775744
Colgate Plax,9757.9,52.0,-764.5094999999997,-0.07834774900337159
Royal Canin,9717.0,15.0,1039.0677,0.10693297313985799
Tasty Tales,9710.92,102.0,1142.92,0.1176943070275525
Godrej,9611.413,120.0,3725.676311999999,0.38763044642863637
Marmite,9600.0,12.0,2880.0479999999993,0.3000049999999999
Thermoseal,9413.0,64.0,1783.9440050000017,0.18951917613938188
Power Gummies,9355.0,8.0,2635.0405600000004,0.28167189310529134
ChefBoss,9268.0,151.0,-237.7238119999999,-0.025649958135520057
Dabur Sanitize,9249.685,52.0,-366.0477300000001,-0.03957407522526444
Cross,9198.0,4.0,686.7249000000006,0.07466024135681677
Earthmade Organix,9173.0,61.0,-366.40750000000014,-0.03994412951052002
Ritz,9088.0,28.0,2527.6336,0.2781286971830986
Skippy,9013.0,22.0,1164.0767500000002,0.1291553034505714
St. Ives,8991.0,25.0,2830.904400000001,0.3148597931264599
Post Honey Bunches of Oats,8945.0,11.0,2755.31519,0.30802852878703185
Maille,8758.0,16.0,2130.4123999999993,0.24325329984014607
Udhaiyam,8357.755000000001,85.0,1039.2550000000006,0.1243461910525016
Haribo,8316.206,37.0,1303.1359200000006,0.1566983694247113
Bianca,8299.0,7.0,-2325.8320599999997,-0.28025449572237615
Mozo,8257.0,94.0,2616.8052510000016,0.31691961378224554
The Green Snack Co.,8106.308,58.0,1859.7869200000002,0.22942465546584218
Kimball,7952.249,55.0,1970.24509,0.24775948162588973
Sprig Tea,7947.0,48.0,2184.6600850000004,0.2749037479552033
Om Bhakti,7942.0,38.0,2382.7829500000007,0.3000230357592547
Orpat,7738.0,22.0,1848.3066800000006,0.23886103385887833
Trident,7695.0,43.0,7.7484600000001365,0.0010069473684210704
Tate & Lyle,7262.0,24.0,2268.77296,0.3124170972183971
Ceres,7229.793,35.0,3052.6410800000003,0.42223077202901943
QUA,7200.0,55.0,0.572359999999918,7.949444444443306e-05
Altoids,7175.0,22.0,1856.7602600000002,0.2587819177700349
Sour Punk,7120.97,204.0,2248.599426999999,0.3157715068312321
Fox's,7110.0,18.0,2133.7749999999996,0.30010900140646973
Al Ameera,7044.0,14.0,2071.88669,0.2941349645088018
Philadelphia,7000.0,8.0,6.988800000000083,0.000998400000000012
Only Earth,6900.0,23.0,1.2745999999997366,0.00018472463768112125
MamyPoko,6847.0,38.0,920.6806500000002,0.1344648240105156
Silk,6804.0,16.0,865.7031999999996,0.12723445032333916
Sakura,6765.0,13.0,2244.7655999999997,0.331820487804878
Theobroma,6761.0,11.0,995.3588599999998,0.1472206567075876
Ricola,6618.0,29.0,1746.0,0.2638259292837715
Acroware,6607.0,15.0,2597.5054600000003,0.39314446193431213
Rajni's Classic Home,6512.0,9.0,1787.0,0.2744164619164619
Pond's Men,6474.0,39.0,-295.84818999999993,-0.045697897744825446
Aristocrat,6281.0,9.0,1622.97198,0.25839388313962747
Raho Safe,6268.0,96.0,-4748.673981999999,-0.757605932035737
Lehar,6037.294,305.0,1092.7981780000002,0.1810079446188972
Naagin,5999.0,23.0,1.720600000000104,0.00028681446907819706
Zess,5968.702,48.0,1888.8994949999997,0.3164673818528718
RiseUp,5952.0,48.0,1211.883668,0.20360948723118277
Post Pebbles,5841.0,9.0,1333.8923599999998,0.228367122068139
Pam,5487.0,9.0,1392.02718,0.25369549480590486
Provedic,5475.0,5.0,0.5407999999998765,9.877625570774e-05
Old Oak,5429.0,11.0,1351.4944,0.24893984159145333
Mathieu Teisseire,5425.0,7.0,1735.9921000000002,0.3199985437788019
Jolly Rancher,5369.0,3.0,1379.0,0.25684485006518903
The Moms Co.,5327.0,11.0,638.8954000000001,0.11993531068143422
Weetabix,5296.073,16.0,1218.0921599999997,0.22999912576733736
Sugar Watchers,5238.0,39.0,930.6722680000001,0.17767702710958383
eCraftIndia,5103.0,7.0,1183.0214300000002,0.23182861650009803
Proklean,5049.0,50.0,-187.003786,-0.03703778688849277
Kallo,5024.0,16.0,1800.3840600000003,0.3583566998407644
Carefree,4937.0,50.0,517.4668999999999,0.10481403686449259
Fragata,4850.0,15.0,73.61982,0.015179344329896908
Ikitz,4836.0,5.0,2746.0996199999995,0.5678452481389578
Peacock,4800.0,24.0,1296.2191299999997,0.27004565208333325
Whittaker's,4770.0,6.0,196.55600000000004,0.04120670859538785
Lee Kum Kee,4745.0,19.0,4.8015300000001275,0.0010119135932560859
Glucon-C,4729.3189999999995,13.0,557.6696200000001,0.1179175310441102
Fiona,4602.0,26.0,389.8700000000001,0.0847175141242938
Splenda,4558.0,9.0,152.55800000000005,0.03347038174638
Similac,4540.0,12.0,635.7243600000002,0.14002739207048462
Natraj,4515.0,115.0,1203.5694899999994,0.26657131561461783
Makino,4408.0,123.0,12.580033000000167,0.0028539094827586585
Alina,4315.5419999999995,10.0,1539.48207,0.356729715525883
Wonderchef,4300.0,3.0,4.292599999999993,0.0009982790697674402
Jerhigh,4200.0,8.0,830.5336,0.19774609523809522
Flying Goose,4196.0,10.0,-40.13119999999992,-0.00956415633937081
Perennial Foods,4193.0,58.0,1269.7998080000004,0.3028380176484618
Gaviscon,4167.0,29.0,652.19079,0.1565132685385169
Yajnas,4121.0,2.0,2444.692,0.5932278573161854
Ruchi,4113.978,48.0,842.065341,0.20468396792593446
Infinity,4062.486,48.0,879.902,0.21659200794784278
Penn State,3996.0,4.0,4.0064000000002125,0.0010026026026026557
Planters,3995.0,5.0,1198.5300000000002,0.3000075093867335
Larah by Borosil,3928.0,3.0,169.21979999999985,0.04308039714867613
Wholesale Plaza,3924.0,20.0,1549.5998299999999,0.39490311671763506
Nestle Nesquik,3921.0,8.0,1126.7438799999998,0.28736135679673547
PrettyKrafts,3870.0,8.0,2633.95806,0.6806093178294573
Hunt's Diced,3847.0,10.0,1031.3200000000002,0.26808422147127636
Lavazza,3800.0,8.0,3.7983999999999014,0.0009995789473683952
Post Great Grains,3800.0,4.0,1329.976,0.34999368421052635
NIC,3780.0,13.0,999.8638000000002,0.26451423280423286
Oriental,3775.0,21.0,663.74469,0.17582640794701987
Chips Ahoy,3745.0,5.0,1263.50608,0.3373848010680908
Papboo,3716.51,17.0,703.31785,0.18924147923724138
Maltesers,3696.0,4.0,3.0837999999999965,0.000834361471861471
Fabiano,3636.0,7.0,727.0772400000001,0.1999662376237624
Kings Coffee,3614.0,26.0,3.5775999999997907,0.0009899280575538989
Moskito Safe,3600.0,16.0,709.59401,0.19710944722222223
Worldone,3555.0,15.0,2.48050000000012,0.0006977496483825935
LetsShave,3525.0,21.0,926.6290399999998,0.2628734865248226
Hoffen,3515.0,2.0,1906.5232,0.5423963584637269
HAANS,3476.0,9.0,1614.8287999999998,0.46456524741081695
Aurion,3345.0,4.0,1050.091,0.3139285500747384
Devan's,3315.0,5.0,0.32100000000014006,9.683257918556261e-05
Japanese Choice,3300.0,6.0,0.34350000000006276,0.00010409090909092811
Jack Daniel's,3250.0,5.0,3.231999999999857,0.0009944615384614944
SanDisk,3225.0,5.0,1478.1162,0.45833060465116277
Arnott's Tim Tam,3137.0,7.0,3.155999999999949,0.0010060567421102803
Bavaria,3072.8379999999997,11.0,-34.176429999999925,-0.01112210601404953
Innisfree,3050.0,7.0,0.2769999999998163,9.08196721310873e-05
Linc,3000.0,22.0,188.71740000000008,0.06290580000000003
VS Mani & Co.,2914.077,20.0,365.92712999999986,0.1255722240695767
Kilta Coffee co.,2880.0,6.0,0.32784000000003743,0.00011383333333334634
L'Occitane,2850.0,2.0,0.27710000000001855,9.722807017544511e-05
Pulmoll,2820.0,12.0,2.8633800000000065,0.0010153829787234066
Chois1,2800.0,2.0,3.9200000000000728,0.001400000000000026
Munix,2789.0,14.0,639.7480599999999,0.22938259591251342
Sancha,2788.38,8.0,-6.64924000000002,-0.0023846247642000085
Dentyne,2772.0,28.0,831.5719999999998,0.2999898989898989
Skybags,2748.0,2.0,1155.0270500000001,0.4203155203784571
Similac IQ+,2720.0,4.0,380.8159999999998,0.1400058823529411
KPL Shudhi,2616.0,8.0,627.80001,0.2399847133027523
M&S,2598.0,2.0,2.5900000000001455,0.0009969207082371615
Garnier Skin Naturals,2597.0,14.0,-84.02800000000013,-0.03235579514824803
SimMom,2575.0,5.0,360.4966,0.1399986796116505
De Nigris,2479.0,8.0,870.5200000000002,0.35115772488906827
Kapiva Ayurveda,2449.0,7.0,211.2512799999999,0.08626022049816247
Organic Harvest,2444.0,10.0,739.9856000000001,0.30277643207855975
Lifelong,2432.0,9.0,722.0,0.296875
Olicoop,2424.66,11.0,-32.85519999999997,-0.01355043593740977
Panzani,2400.0,8.0,1800.6208000000001,0.7502586666666667
Glee,2398.0,2.0,1762.9898699999999,0.7351917723102585
See Way,2395.0,8.0,743.73548,0.31053673486430067
Happy Cow,2390.0,6.0,2.3839999999999577,0.0009974895397489364
Oye Happy,2386.0,2.0,389.596,0.16328415758591786
Nivia,2380.0,3.0,751.4079999999999,0.3157176470588235
Kellogg's Fruit n Fibre,2325.0,3.0,1239.99,0.5333290322580645
Motomax,2297.0,19.0,686.692672,0.2989519686547671
Hario,2250.0,1.0,343.21440000000007,0.15253973333333337
GuyLian,2245.0,5.0,2.233099999999979,0.000994699331848543
Kellogg's Coco Pops,2210.0,4.0,779.98,0.3529321266968326
Bonne Maman,2195.0,5.0,188.55340000000007,0.08590132118451028
Wellberg,2188.0,3.0,777.5184100000001,0.3553557632541134
Fisherman's Friend,2178.0,22.0,693.0999999999999,0.3182277318640955
Dr Pepper,2160.0,8.0,2.175600000000088,0.001007222222222263
Creamooz,2128.0,36.0,664.8213280000002,0.31241603759398506
Tostitos,2097.0,3.0,2.1072000000000344,0.0010048640915593869
Popet,2097.0,3.0,2.0924999999999727,0.0009978540772532058
Logitech,2095.0,3.0,622.9618,0.2973564677804296
La Vache Qui Rit,2093.0,7.0,2.071999999999946,0.0009899665551839206
L'Oreal Professionnel,2090.0,3.0,251.2414,0.1202111961722488
Blue Pine,2090.0,16.0,2.060859999999991,0.0009860574162679383
Libra,2062.0,4.0,1165.9998,0.5654703200775946
Nestle NesPlus,2053.0,8.0,317.213838,0.1545123419386264
Barsoi,1998.0,2.0,2.0032000000001062,0.0010026026026026557
Kiri,1996.0,4.0,1.9967999999998938,0.0010004008016031532
Bachun,1995.0,7.0,1.9936000000001286,0.0009992982456140996
Zimi,1983.0,4.0,453.48,0.2286838124054463
Olivado,1980.0,1.0,0.2039999999999509,0.00010303030303027822
Pollution Safe,1961.0,8.0,618.5627900000001,0.31543232534421217
Palmer's,1955.0,4.0,0.18840000000000146,9.636828644501354e-05
Antico Casale,1950.0,6.0,1.9391999999999143,0.0009944615384614944
Uno,1944.0,18.0,684.2344579999999,0.35197245781893
Carnation,1944.0,6.0,698.22,0.3591666666666667
Dyazo,1899.0,2.0,273.2904000000001,0.14391279620853084
Pure Nutrition,1898.0,2.0,1.899499999999989,0.0010007903055848204
Brustro,1893.0,3.0,238.86419999999998,0.12618288431061805
Schneider,1890.0,4.0,1.9056000000000495,0.0010082539682539945
Arla,1870.0,3.0,360.1504,0.19259379679144384
Orka,1822.0,5.0,332.7894600000001,0.18265063666300774
Glun,1815.0,4.0,816.8048,0.4500301928374656
Beanly,1806.0,5.0,506.006,0.28018050941306755
Sequence,1800.0,2.0,359.9988000000001,0.19999933333333336
Murano,1800.0,9.0,1.8216000000001031,0.0010120000000000573
M&S food,1798.0,2.0,1.7887000000000626,0.0009948275862069313
Funskool,1796.0,4.0,1.2436000000000718,0.0006924276169265433
Welch's,1763.0,3.0,398.0,0.2257515598411798
&Me,1741.0,3.0,413.12793,0.23729346927053416
The Art Loom,1725.962,5.0,-22.302000000000078,-0.012921489580883055
Basso,1699.0,2.0,202.49800000000005,0.1191865803413773
Amiraj,1694.842,10.0,1187.4527400000002,0.7006273977161294
Jokuse,1665.0,44.0,537.129821,0.3226004930930931
Warheads,1636.0,5.0,411.0,0.25122249388753054
Elmer's,1632.0,8.0,129.06940000000006,0.07908664215686279
Levista,1620.0,3.0,1.6182000000000016,0.0009988888888888899
Early Foods,1600.0,6.0,479.92600000000004,0.29995375
OGX,1598.0,2.0,0.16200000000003456,0.00010137672090114804
Butlers,1570.0,8.0,439.582,0.2799885350318471
Benadryl,1568.0,14.0,215.75400000000002,0.1375982142857143
Beverly Hills Polo Club,1550.0,6.0,538.0394400000001,0.3471222193548388
Domestos,1512.0,8.0,621.9024,0.41131111111111107
Stick'n,1510.0,3.0,0.14050000000003138,9.304635761591482e-05
Irich,1500.0,1.0,149.99929999999995,0.0999995333333333
HP,1494.0,6.0,800.28,0.5356626506024096
Odonil Nature,1489.0,25.0,162.84717999999998,0.10936680993955673
Yellow Farms,1479.0,2.0,306.50559999999996,0.2072384043272481
Veg Wash +,1465.0,15.0,655.0,0.447098976109215
Cosco,1428.0,3.0,466.7130000000001,0.32682983193277315
Duzzit,1414.0,6.0,0.6864599999999825,0.0004854738330975831
Ottogi,1406.0,2.0,428.32000000000005,0.3046372688477952
Toycraft,1398.0,2.0,279.596,0.19999713876967096
Dr. Beckmann,1397.0,3.0,0.13960000000002992,9.992841803867568e-05
Sugary Delights,1353.0,2.0,387.19300000000004,0.2861736881005174
Jolen,1350.0,2.0,0.15079999999989013,0.00011170370370362232
Third Wave coffee,1350.0,3.0,1.366199999999992,0.0010119999999999942
Barbican,1320.0,6.0,0.07019999999999982,5.3181818181818043e-05
ELV,1319.0,3.0,272.0096,0.20622410917361636
Maverick & Farmer Coffee,1300.0,2.0,0.11200000000008004,8.615384615390772e-05
Langnese,1300.0,2.0,403.006,0.3100046153846154
Lukzer,1300.0,2.0,335.6096,0.25816123076923075
Dreamland,1300.0,2.0,1.2919999999999163,0.0009938461538460896
India Hemp Organics,1299.0,1.0,0.1268000000000029,9.761354888375898e-05
Popit,1293.344,4.0,253.35679999999996,0.19589281737882572
Parle Milano,1290.0,43.0,168.18724999999998,0.13037771317829455
Shipra,1275.0,5.0,-23.969699999999932,-0.0187997647058823
Watties,1262.0,5.0,265.1,0.21006339144215533
Smoor,1258.0,3.0,290.4820000000001,0.23090779014308432
Chaokoh,1250.0,5.0,1.256000000000057,0.0010048000000000457
Ritter Sport,1225.0,5.0,0.13639999999995212,0.00011134693877547111
Nespresso,1200.0,1.0,0.1169999999999618,9.749999999996816e-05
Kraft Miracle Whip,1198.0,2.0,359.38800000000003,0.2999899833055092
Didier & Frank,1196.0,4.0,1.179200000000037,0.0009859531772575562
Love & Care,1186.0,11.0,28.882649999999984,0.024352993254637422
Bibigo,1180.0,4.0,0.10239999999998872,8.67796610169396e-05
Sakthi,1179.0,32.0,329.56199999999995,0.2795267175572519
Kolan,1158.0,3.0,-26.87340000000006,-0.02320673575129539
Veen Still,1150.0,5.0,1.1637600000000248,0.001011965217391326
Blue Elephant,1140.0,4.0,14.982400000000013,0.013142456140350887
Shaka Harry,1120.0,4.0,235.0,0.20982142857142858
La Folie,1100.0,2.0,0.11019999999996344,0.00010018181818178495
Voss,1100.0,4.0,1.0896000000000186,0.0009905454545454714
Swiss Miss,1090.0,2.0,111.40204000000006,0.1022037064220184
Alpen,1080.641,2.0,251.03095999999994,0.23229820079008656
Pet Head,1070.0,1.0,155.58259999999996,0.14540429906542052
Planfix,1070.0,6.0,0.3768999999999778,0.0003522429906541849
Flanders,1065.0,3.0,60.09119999999996,0.05642366197183095
ARMR,1058.0,4.0,157.94495999999995,0.14928635160680526
Glow & Handsome,1017.0,8.0,131.00548500000002,0.12881561946902656
Dirty Works,1000.0,2.0,0.09159999999997126,9.159999999997126e-05
Boldfit,999.0,1.0,152.39200000000005,0.1525445445445446
Black & Green,999.0,1.0,0.094600000000014,9.469469469470871e-05
Mungyo,990.0,1.0,0.9948000000000548,0.0010048484848485402
Mr & Mrs T,986.0,2.0,318.9932,0.32352251521298175
Dot & Key,975.0,1.0,0.9808000000000447,0.0010059487179487638
Wrigley's Hubba Bubba,960.0,4.0,288.01199999999994,0.30001249999999996
American Style,950.0,10.0,51.015000000000015,0.05370000000000002
Britvic,935.0,6.0,20.065700000000007,0.021460641711229952
Wicked Gourmet Kitchen By Mirai,900.0,2.0,3.59680000000003,0.003996444444444478
Schwarzkopf Professional,900.0,1.0,0.0847999999999729,9.422222222219211e-05
Phab,900.0,7.0,0.5072000000000116,0.0005635555555555685
Axion,900.0,9.0,171.0432,0.19004800000000002
Vee Fresh,900.0,3.0,0.8640000000000327,0.0009600000000000363
Astonish,897.0,3.0,0.6247999999999934,0.0006965440356744631
Rasoi Magic,874.085,18.0,143.344391,0.16399365164715102
VVV,831.0,3.0,104.25260999999998,0.12545440433212993
Batchelors,830.0,5.0,183.23999999999998,0.22077108433734938
Pink Harvest Farms,790.0,2.0,0.08640000000002601,0.00010936708860762787
Kelzai,750.0,2.0,0.7472000000000207,0.0009962666666666943
Thai Choice,750.0,2.0,5.491200000000049,0.007321600000000065
Solo,746.533,8.0,-23.369839999999968,-0.031304496921100565
Nourish Organics,720.0,2.0,0.7192000000000007,0.0009988888888888899
St. Dalfour,700.0,2.0,0.06799999999998363,9.714285714283376e-05
Hinohikari,700.0,1.0,2.0335000000000036,0.0029050000000000052
Nutraj,699.0,1.0,0.0,0.0
Cantina Mexicana,699.0,1.0,0.9823999999999842,0.0014054363376251563
Oriental Botanics,699.0,1.0,279.6044,0.4000062947067239
Coco Soul,698.0,2.0,0.7054999999999723,0.0010107449856733128
Artline,625.0,1.0,125.50240000000002,0.20080384000000004
Storite,605.0,1.0,154.995,0.2561900826446281
Jaspo,600.0,1.0,148.21339999999998,0.2470223333333333
Austin,600.0,6.0,0.6072000000000344,0.0010120000000000573
Deluxe Sequence,599.0,1.0,0.05560000000002674,9.282136894829172e-05
Stermay,599.0,1.0,131.59019999999998,0.21968313856427377
Basil,599.0,1.0,102.78640000000001,0.1715966611018364
NutraHi,597.0,3.0,0.0624000000000251,0.00010452261306536868
Krambals,594.0,6.0,0.0,0.0
After Eight,590.0,1.0,0.5900000000000318,0.001000000000000054
Morelli,575.0,1.0,0.05920000000003256,0.00010295652173918706
Fine Art,570.0,1.0,0.05999999999994543,0.0001052631578946411
Jolochip,567.0,3.0,-29.400000000000034,-0.05185185185185191
Mr.Hung,550.0,2.0,0.5503999999999678,0.0010007272727272142
Anmara,495.0,1.0,0.04959999999999809,0.00010020202020201634
Sharpie,485.0,1.0,0.0554000000000201,0.00011422680412375279
Reese's,480.0,2.0,0.0,0.0
Arfina,458.147,2.0,-41.79540000000003,-0.09122705157951494
KNG,454.0,2.0,71.29599999999999,0.1570396475770925
Cleno,450.0,3.0,157.49099999999999,0.34997999999999996
Youp,449.0,1.0,89.7962,0.19999153674832962
Keeros,440.0,1.0,-39.95400000000001,-0.09080454545454547
KeepSafe,428.0,2.0,84.00599999999997,0.19627570093457938
Aadhaar,426.0,3.0,29.100000000000023,0.06830985915492963
Lite GLO,425.0,1.0,84.45288,0.1987126588235294
Organ,419.0,1.0,0.039499999999975444,9.427207637225643e-05
kind,416.0,1.0,0.4239799999999718,0.0010191826923076246
Kraft Heinz,400.0,1.0,0.038970000000006166,9.742500000001542e-05
Ishka Farms,400.0,1.0,0.04450000000002774,0.00011125000000006936
Bean to Bark,399.0,1.0,0.04199999999997317,0.0001052631578946696
NewBy,388.0,1.0,0.03550000000001319,9.149484536085874e-05
Tulip,380.0,2.0,119.27999999999997,0.31389473684210517
Glo,380.0,1.0,380.0,1.0
Estuary,375.0,1.0,0.37362999999999147,0.000996346666666644
Raavi,373.0,2.0,245.76999999999998,0.6589008042895442
Nectar Fresh,368.0,2.0,135.17112,0.36731282608695653
Dole,360.0,1.0,12.898680000000013,0.035829666666666704
Tesco,350.0,1.0,0.035599999999988086,0.00010171428571425168
Le15,325.0,1.0,0.02800000000002001,8.615384615390772e-05
TYDIBOWL,322.0,3.0,7.012000000000015,0.021776397515527995
Sanpellegrino,320.0,1.0,0.3183999999999969,0.0009949999999999902
Garofalo,300.0,1.0,0.030399999999985994,0.00010133333333328665
BTS,300.0,1.0,0.032199999999988904,0.00010733333333329635
Choostix,300.0,1.0,0.032199999999988904,0.00010733333333329635
Mother Organic,300.0,2.0,0.0,0.0
Manna,298.0,2.0,0.0,0.0
Oreal,295.0,1.0,107.99498,0.36608467796610167
Nutty Gritties,285.0,1.0,10.204679999999996,0.03580589473684209
Sriraja Panich,260.0,1.0,0.26080000000001746,0.0010030769230769902
Trust,257.0,3.0,9.20469,0.03581591439688716
Smoor Bakeshop,250.0,1.0,0.0,0.0
Tarington House,249.0,1.0,89.0,0.357429718875502
As Chefs Cook,225.0,1.0,0.021199999999993224,9.422222222219211e-05
P & M's,220.0,2.0,43.99119999999999,0.19995999999999997
Mogu Mogu,210.0,3.0,0.0,0.0
Archies,199.0,1.0,0.025000000000005684,0.00012562814070354614
Khyati,190.0,2.0,0.020000000000010232,0.00010526315789479069
American Delight,180.0,2.0,9.657999999999987,0.053655555555555484
Vijay Ajay Kumar,180.0,1.0,30.596000000000004,0.1699777777777778
Lea & Perrins,175.0,1.0,26.24982,0.14999897142857144
Marico's,162.0,2.0,161.976,0.9998518518518519
Pantai,150.0,1.0,16.080000000000013,0.10720000000000009
Rioba,145.0,1.0,145.0,1.0
Yuzu,135.0,1.0,13.263000000000005,0.09824444444444448
Ferrero Raffaello,132.383,1.0,-22.61699999999999,-0.17084519915699137
Rio,125.0,1.0,71.9,0.5752
Parle 2in1 Eclairs,100.0,2.0,17.822524,0.17822524
RK Works,99.718,1.0,-5.2819999999999965,-0.05296937363364685
Elite,95.0,1.0,0.0,0.0
Maggi Fusian,78.0,2.0,8.91986,0.11435717948717948
Polo,67.0,1.0,0.0,0.0
Dev,65.0,1.0,12.997999999999998,0.19996923076923073
Bindu,51.0,3.0,27.0,0.5294117647058824
Sunfeast Bourbon,30.0,1.0,4.180796000000001,0.1393598666666667
Flipkart,18.0,9.0,10.08,0.56
Enfagrow,0.0,0.0,0.0,
La Americana,0.0,0.0,0.0,
