product_id,revenue,cost,profit,qty,product_name,profit_margin,revenue_crore,profit_crore,qty_crore
391306,27380074.327999998,20411031.762578998,6969042.565421002,1171389.0,Onion,0.254529716827473,2.7380074328,0.6969042565421002,0.1171389
17748,13977615.168,9063993.224799998,4913621.9432,342704.0,Lemon,0.3515350711936269,1.3977615168,0.49136219431999995,0.0342704
352443,22815074.074,17979391.777209,4835682.296790999,396320.0,Tender Coconut,0.21195119862888065,2.2815074074,0.48356822967909996,0.039632
3881,19037786.507,14819835.066414999,4217951.440585,766785.0,Hybrid Tomato,0.22155682011845773,1.9037786506999999,0.42179514405850005,0.0766785
369752,13955136.150999999,9751212.468252001,4203923.682748001,297974.0,Kiran Watermelon,0.30124562292047263,1.3955136150999998,0.4203923682748001,0.0297974
445675,18320434.285000004,14214318.500133,4106115.7848670003,719921.0,Desi Tomato,0.2241276446284308,1.8320434285000005,0.41061157848670005,0.0719921
247758,11379555.217999998,8187951.321759998,3191603.8962399997,91312.0,Safeda Mango,0.2804682463503997,1.1379555218,0.31916038962399995,0.0091312
333785,12685013.494,9590604.341495005,3094409.1525050006,483844.0,Potato (Chipsona),0.24394212540401736,1.2685013494000001,0.30944091525050005,0.0483844
217614,7124122.6790000005,4159471.5714739994,2964651.107526,283033.0,Bottle Gourd,0.41614262430727017,0.7124122679,0.2964651107526,0.0283033
470636,9657447.901999999,6699132.095194997,2958315.806805,375526.0,Banana,0.3063248010059004,0.9657447901999999,0.29583158068050003,0.0375526
423735,5797649.511000001,3039127.270219001,2758522.240781,521772.0,Green Chilli,0.47580010408480167,0.5797649511,0.2758522240781,0.0521772
253317,8214715.93,5474020.596521998,2740695.333478,167825.0,Mushroom - Packet,0.3336323929923162,0.8214715929999999,0.2740695333478,0.0167825
3898,5960986.218,3296398.052912998,2664588.165087,441270.0,Lady Finger,0.4470045840805532,0.5960986218000001,0.2664588165087,0.044127
311059,9063399.225000001,6430212.162791002,2633187.0622090003,53876.0,Royal Gala Apple,0.29052974461786435,0.9063399225000002,0.26331870622090003,0.0053876
388639,30187228.342,27681254.042270005,2505974.2997300006,97533.0,Chakki Atta (10 kg),0.08301438844729565,3.0187228342,0.25059742997300005,0.0097533
428612,7213388.932999999,4710272.624939,2503116.3080610004,54585.0,Shimla Apple,0.34700975246318394,0.7213388932999999,0.2503116308061,0.0054585
3888,5493933.762000001,3032717.151431001,2461216.610569,281917.0,Green Capsicum,0.4479880386604849,0.5493933762000001,0.24612166105689998,0.0281917
10088,8107239.023000002,5696831.169112999,2410407.8538869997,461428.0,Cucumber,0.29731550371818843,0.8107239023000002,0.24104078538869997,0.0461428
15907,35883584.582,33581179.80504999,2302404.77695,194562.0,Fortune Premium Kachi Ghani Pure Mustard Oil,0.06416317666616107,3.5883584582,0.23024047769499997,0.0194562
3889,4561652.686000001,2290938.8828620007,2270713.8031379995,509505.0,Coriander Bunch,0.4977831412082211,0.45616526860000006,0.22707138031379995,0.0509505
421703,5501854.098000001,3257247.3611210007,2244606.7368790004,270800.0,Ginger,0.40797278461,0.5501854098000001,0.22446067368790004,0.02708
52,44626736.16600001,42387109.22698001,2239626.9390200004,250055.0,Fortune Soya Health Refined Soyabean Oil,0.0501857660100699,4.462673616600001,0.22396269390200005,0.0250055
365455,6821938.757000002,4696798.870467999,2125139.8865320007,175929.0,Muskmelon,0.3115155327877125,0.6821938757000002,0.21251398865320006,0.0175929
4916,5944292.808000001,3933572.226721002,2010720.5812790005,211745.0,French Beans,0.33826068907186313,0.5944292808000001,0.20107205812790005,0.0211745
445396,5244729.111000001,3265454.502824,1979274.6081760006,102444.0,Cauliflower,0.37738357239934106,0.5244729111000002,0.19792746081760007,0.0102444
389689,4919301.011999998,2960799.927922,1958501.0840780013,45660.0,GMC Green Cardamom Whole/Elaichi,0.3981258880683437,0.4919301011999998,0.19585010840780012,0.004566
39493,12210905.6,10389155.625192,1821749.974807999,87051.0,Tata Sampann Unpolished Arhar Dal/Toor Dal,0.14919040687760285,1.22109056,0.1821749974807999,0.0087051
300635,4014841.300999999,2229952.99588,1784888.30512,32025.0,Red & Yellow Capsicum,0.4445725674575052,0.4014841300999999,0.17848883051199999,0.0032025
23343,4343919.471999999,2560554.550433,1783364.9215670007,181202.0,English Cucumber,0.41054281348036026,0.4343919471999999,0.17833649215670005,0.0181202
95031,4316755.713,2598819.059856,1717936.6531439999,182793.0,Garlic,0.3979693935356123,0.43167557130000006,0.1717936653144,0.0182793
448096,6754890.143999998,5088850.738039001,1666039.4059609997,139968.0,Harvest Gold 100% Atta / Wheat Bread,0.24664196906900876,0.6754890143999999,0.16660394059609995,0.0139968
32991,4610085.009000001,2946563.28696,1663521.7220400001,22665.0,Gainda Phenyl (White),0.3608440449129254,0.46100850090000006,0.166352172204,0.0022665
394525,5591401.697000001,3941790.570157001,1649611.1268430003,67228.0,Kiwi,0.29502640236491673,0.5591401697,0.16496111268430003,0.0067228
389714,10990982.718,9384463.548380004,1606519.16962,26156.0,GMC Cashews,0.14616701807646315,1.0990982718,0.160651916962,0.0026156
34353,5914745.927999999,4370971.228609001,1543774.699391,84935.0,Bisleri Packaged Water,0.26100439785297913,0.5914745927999999,0.1543774699391,0.0084935
389703,5094292.586999999,3576249.609315001,1518042.9776850007,53140.0,GMC Plain Makhana/Foxnuts,0.2979889654471079,0.5094292586999999,0.15180429776850007,0.005314
277,10641936.227000002,9175655.071463998,1466281.1555360006,67248.0,Hamdard Rooh Afza Rose Sharbat,0.1377833059942467,1.0641936227000002,0.14662811555360006,0.0067248
391305,8979460.06,7549886.595889,1429573.464110999,282233.0,Potato,0.15920483576503583,0.8979460060000001,0.1429573464110999,0.0282233
82898,22080463.0,20654130.694,1426332.306,46396.0,Milkfood Rich Desi Danedar Ghee,0.06459702887570791,2.2080463,0.14263323060000002,0.0046396
276355,5471339.103,4055562.44022,1415776.66278,13475.0,Ratnagiri Alphonso Mango,0.25876236806519864,0.5471339103,0.141577666278,0.0013475
329500,16721978.467999997,15363591.699487,1358386.768513,217914.0,Amul Fresh Malai Paneer,0.08123361545480255,1.6721978467999996,0.13583867685130002,0.0217914
192,14495109.655000003,13144316.759249995,1350792.8957500006,174458.0,Mother Dairy Paneer,0.09318956033451271,1.4495109655000002,0.13507928957500007,0.0174458
389843,6200501.712,4875821.917941004,1324679.7940590004,37043.0,GMC Cumin Seeds / Jeera Seeds,0.21364074321523233,0.6200501712,0.13246797940590005,0.0037043
317559,5155426.785,3863555.906106,1291870.8788939998,29019.0,Pomegranate,0.25058466209873637,0.5155426785,0.12918708788939998,0.0029019
160,23648669.137999997,22386663.72597,1262005.4120299998,97703.0,Amul Salted Butter,0.05336475404453688,2.3648669138,0.12620054120299998,0.0097703
443549,2879605.099,1620058.1242949993,1259546.9747050002,37713.0,Iceberg Lettuce,0.43740267550658346,0.2879605099,0.1259546974705,0.0037713
319610,9196357.057999998,7937963.002689002,1258394.0553109995,141771.0,Mother Dairy Classic Curd,0.13683614581018366,0.9196357057999999,0.12583940553109996,0.0141771
56692,5046965.476000002,3792730.1713549993,1254235.3046449998,100456.0,Catch Cumin Seeds / Jeera Seeds,0.24851275694460473,0.5046965476000002,0.12542353046449997,0.0100456
169132,6446998.0,5200437.569950998,1246560.430049,97144.0,Green Grapes,0.1933551755482164,0.6446998,0.1246560430049,0.0097144
389719,12408069.395000005,11201626.714620003,1206442.68038,33800.0,GMC American Almonds,0.09723049105980597,1.2408069395000005,0.120644268038,0.00338
3913,2596580.2360000005,1398281.1651740002,1198299.0708259994,134458.0,Orange Carrot,0.46149125461725155,0.25965802360000007,0.11982990708259994,0.0134458
369742,3122256.924,1942296.1376299995,1179960.78637,46344.0,Broccoli,0.37791918317161527,0.31222569240000003,0.11799607863700001,0.0046344
448095,4871857.522,3711391.6414609994,1160465.880539,97774.0,Harvest Gold White Bread,0.2381978280971165,0.4871857522,0.1160465880539,0.0097774
366492,3092911.1950000003,1945258.2494130002,1147652.945587,43872.0,Kiran Watermelon Organic,0.37105913271687063,0.30929111950000004,0.1147652945587,0.0043872
24194,4619171.603,3479034.575904001,1140137.027096,105254.0,Harvest Gold Hearty Brown Bread,0.24682716406455185,0.4619171603,0.1140137027096,0.0105254
36188,7963440.989,6832319.73316,1131121.25584,12150.0,India Gate Super Basmati Rice,0.14203925883326465,0.7963440989,0.113112125584,0.001215
481206,3774150.247,2651929.1809600005,1122221.0660400002,18049.0,Amul Vanilla Magic Gold Ice Cream,0.29734403576858986,0.3774150247,0.11222210660400002,0.0018049
166848,2472955.292,1373242.223422,1099713.0685779997,96953.0,Beetroot,0.44469589569029694,0.2472955292,0.10997130685779997,0.0096953
23653,6470164.298999999,5391213.360693,1078950.9383070003,67077.0,Rajdhani Besan,0.16675788874074782,0.6470164298999999,0.10789509383070003,0.0067077
478895,5891305.211,4841334.739991001,1049970.471009,66576.0,Country Delight Taaza Paneer,0.17822374387402962,0.5891305211,0.10499704710089999,0.0066576
4943,4429415.309,3380766.5242160014,1048648.784784,145101.0,Brown Coconut (Nariyal),0.2367465481625263,0.44294153090000005,0.1048648784784,0.0145101
23379,2673838.5320000006,1632048.3351889998,1041790.1968110002,77424.0,Sweet Corn - Packet,0.38962345120808517,0.2673838532000001,0.10417901968110002,0.0077424
190325,4091915.4180000005,3053515.277001999,1038400.140998,24906.0,Washington Apple,0.25376872073898765,0.40919154180000006,0.10384001409980001,0.0024906
14162,11282088.112999998,10251354.259899998,1030733.8531000004,46327.0,Madhur Pure & Hygienic Sulphurless Sugar (M30),0.09136020236469505,1.1282088112999997,0.10307338531000004,0.0046327
15902,18714862.0,17687887.757329997,1026974.2426699998,20461.0,Fortune Premium Kachi Ghani Pure Mustard Oil,0.054874796440924856,1.8714862,0.10269742426699999,0.0020461
13,5616481.006999999,4620358.852828002,996122.1541720007,62137.0,Fortune 100% Chana Dal Besan,0.17735698793078833,0.5616481006999999,0.09961221541720007,0.0062137
389699,2461373.121,1475032.864042,986340.2569580004,35202.0,GMC - Saunf Seeds,0.40072764610238076,0.24613731209999998,0.09863402569580004,0.0035202
364304,2967758.2210000004,1988445.2517139988,979312.9692859998,51715.0,Sweet Lime,0.3299840810333989,0.29677582210000003,0.09793129692859998,0.0051715
314,8977499.384999998,8003207.185649003,974292.199351,236560.0,Thums Up Soft Drink (750 ml),0.10852601126087409,0.8977499384999998,0.0974292199351,0.023656
339152,2553722.9539999994,1582541.9425140002,971181.011486,107468.0,Cabbage,0.3803000673838953,0.25537229539999995,0.0971181011486,0.0107468
333427,2296386.9159999997,1341257.3531540008,955129.5628460002,55589.0,Potato - Organically Grown,0.415927105398122,0.22963869159999997,0.09551295628460002,0.0055589
389717,4724179.527999999,3769381.623231999,954797.904768,28501.0,GMC American Almonds,0.2021087257816846,0.4724179527999999,0.0954797904768,0.0028501
388638,9793075.027000003,8845428.857009996,947646.16999,61247.0,Chakki Atta (5 kg),0.09676696720665283,0.9793075027000002,0.09476461699899999,0.0061247
380157,14391876.120999994,13445961.500860002,945914.6201399997,42180.0,"Fortune Chakki Fresh (100% Atta, 0% Maida) Atta",0.06572559492502597,1.4391876120999993,0.09459146201399997,0.004218
391051,3433065.3910000003,2489027.3141159997,944038.0768840002,21102.0,GMC Broken Walnut Kernels,0.27498400681759694,0.34330653910000003,0.09440380768840002,0.0021102
31,3840127.147000001,2904113.679754001,936013.4672460007,89883.0,Rajdhani Thick Poha,0.24374543639192697,0.3840127147000001,0.09360134672460006,0.0089883
3923,3396489.3670000006,2467594.4445069996,928894.922493,119735.0,Green Peas,0.2734867747616299,0.33964893670000007,0.0928894922493,0.0119735
425780,2430401.312,1503175.2834050008,927226.0285949997,113163.0,Pointed Gourd,0.3815114911339382,0.24304013119999998,0.09272260285949997,0.0113163
355051,2461222.497,1541421.375677,919801.1213229997,26223.0,Papaya,0.3737171760960869,0.2461222497,0.09198011213229997,0.0026223
389683,4605517.217,3695205.883894,910311.3331060002,55699.0,GMC Raw Peanuts,0.19765669960929388,0.4605517217,0.09103113331060002,0.0055699
86446,6601869.61,5703311.283828999,898558.3261709998,220912.0,Mother Dairy Classic Curd,0.1361066454281274,0.6601869610000001,0.08985583261709998,0.0220912
389763,3141669.5910000014,2253305.0504699997,888364.54053,14071.0,GMC Anjeer,0.2827682908078285,0.31416695910000014,0.088836454053,0.0014071
467659,2516270.08,1633757.6664979996,882512.4135019996,66866.0,Tomato - Organically grown,0.3507224524570906,0.251627008,0.08825124135019996,0.0066866
102806,2240756.87,1359815.70473,880941.16527,9575.0,Origami So Soft Toilet Roll (3 Ply),0.3931444669720013,0.22407568700000002,0.088094116527,0.0009575
4927,2108436.1610000003,1240520.257241,867915.9037590004,137168.0,Bitter Gourd,0.4116396407028803,0.21084361610000002,0.08679159037590004,0.0137168
389944,3367158.7800000003,2499470.9318660004,867687.848134,39967.0,GMC Red Raw Peanuts,0.2576913964639351,0.336715878,0.0867687848134,0.0039967
253144,2742169.4380000005,1875325.494105,866843.9438949999,69365.0,Raw Mango,0.31611611298798226,0.27421694380000006,0.08668439438949999,0.0069365
14795,2169374.264,1305962.2750030004,863411.9889970002,128389.0,Small Purple Brinjal,0.3980004756786403,0.2169374264,0.08634119889970002,0.0128389
23742,5326984.016000001,4466440.783329,860543.2326710002,37205.0,Tata Sampann Unpolished Split Moong Dal (Dhuli),0.16154417398030355,0.5326984016,0.08605432326710002,0.0037205
389715,3919179.1750000007,3059810.2725900006,859368.9024100006,13085.0,GMC Walnut Kernels,0.21927267523052207,0.3919179175000001,0.08593689024100006,0.0013085
389668,3436882.9970000004,2578776.696091001,858106.3009090002,51819.0,GMC Black Masoor Dal,0.24967573864400602,0.34368829970000003,0.08581063009090002,0.0051819
403799,12034270.918999998,11178977.648974005,855293.2700260003,113375.0,Basic Arhar Dal/Toor Dal,0.07107146546581751,1.2034270918999999,0.08552932700260003,0.0113375
391740,12533365.0,11693861.993750002,839503.0062499999,74342.0,GMC Kachi Ghani Mustard Oil,0.06698145360404008,1.2533365,0.08395030062499999,0.0074342
3914,1524415.2619999999,685874.1208029998,838541.141197,77611.0,Mint Leaves,0.5500739608817955,0.15244152619999998,0.08385411411970001,0.0077611
362127,2628462.5039999997,1790104.8449699993,838357.65903,9276.0,Blueberry,0.31895363078384625,0.2628462504,0.083835765903,0.0009276
10967,7430453.341999999,6601097.868489998,829355.4735100003,16816.0,India Gate Rozana Basmati Rice,0.11161572993428809,0.7430453342,0.08293554735100003,0.0016816
474769,6212284.979,5383854.5703920005,828430.4086080003,40948.0,ChefiGo Curry Cut Chicken,0.13335357463613232,0.6212284979,0.08284304086080002,0.0040948
53888,2643772.0530000003,1825685.9280710004,818086.1249289998,14505.0,Kimia Dates - Packet,0.30943897905293416,0.26437720530000003,0.08180861249289999,0.0014505
19512,31302090.457,30488056.04188899,814034.4151110003,1261153.0,Amul Taaza Toned Fresh Milk,0.02600575243462566,3.1302090457,0.08140344151110003,0.1261153
18618,10438970.0,9637548.9045,801421.0955000002,20783.0,Mother Dairy Pure Ghee,0.07677204700272156,1.043897,0.08014210955000002,0.0020783
237680,2925776.3759999997,2126839.548554,798936.8274459998,125169.0,Lady Finger,0.27306831581512503,0.2925776376,0.07989368274459999,0.0125169
166849,2702707.226,1906958.2856599991,795748.9403400006,69874.0,Green Capsicum,0.29442661516752855,0.27027072259999996,0.07957489403400006,0.0069874
89120,3911022.8479999998,3122216.3321529995,788806.5158470006,27592.0,Tata Sampann Unpolished Masoor Dal,0.2016880357143341,0.3911022848,0.07888065158470006,0.0027592
421721,3553696.382,2766976.137501,786720.2444990004,29568.0,Mango,0.22138082715334242,0.3553696382,0.07867202444990004,0.0029568
114916,4821781.507,4052437.1708909995,769344.3361089998,37922.0,Rajdhani Kabuli Chana,0.15955603442256924,0.48217815070000003,0.07693443361089998,0.0037922
389815,2016058.4870000002,1250175.5621299997,765882.92487,22581.0,GMC Mix Dal,0.3798912232996145,0.2016058487,0.076588292487,0.0022581
438128,4743073.716000001,3978540.111798,764533.6042019998,44639.0,Rajma Chitra,0.16118948386211412,0.4743073716000001,0.07645336042019998,0.0044639
103115,11289256.0,10526683.485469997,762572.51453,65278.0,Pansari Kachi Ghani Mustard Oil,0.0675485182132463,1.1289256,0.07625725145300001,0.0065278
12,3977183.7529999996,3216338.9944290007,760844.758571,69921.0,Rajdhani Sooji/Rava,0.19130239028988613,0.3977183753,0.0760844758571,0.0069921
389684,2726610.9750000006,1967023.1902820005,759587.7847180002,36996.0,GMC Cumin Seeds / Jeera Seeds,0.27858311716727396,0.27266109750000006,0.07595877847180002,0.0036996
476087,1431617.42,676445.0,755172.4199999999,12307.0,Ratan Brooms Broom / Jhadu (Grass),0.5274959702571934,0.14316174199999998,0.075517242,0.0012307
352881,4342597.757999999,3589984.6746900026,752613.0833099999,20162.0,Amul Fruit N Nut Fantasy Ice Cream Tub,0.1733094164486049,0.43425977579999997,0.07526130833099999,0.0020162
379583,3193408.445,2442501.054992,750907.3900080005,27075.0,SPT Frozen Green Peas,0.23514292109539423,0.3193408445,0.07509073900080006,0.0027075
18396,3251886.114,2501669.7779270005,750216.3360729996,78605.0,English Oven Brown Bread,0.2307019095297258,0.3251886114,0.07502163360729996,0.0078605
11299,6885120.102,6135775.09202,749345.0099799999,34507.0,Patanjali Mustard Oil,0.1088354304469328,0.6885120102,0.07493450099799999,0.0034507
389720,2899399.854,2155104.16025,744295.6937500002,15842.0,GMC Broken Cashews/Kaju,0.25670681217810404,0.2899399854,0.07442956937500002,0.0015842
304377,3235483.1829999997,2493283.5802770006,742199.602723,20862.0,GMC Raisins,0.22939374453333392,0.32354831829999997,0.0742199602723,0.0020862
17643,1749349.998,1012436.929675,736913.0683250002,145044.0,Curry Leaves,0.42124964653585595,0.1749349998,0.07369130683250003,0.0145044
477483,10376093.612999998,9641193.459239999,734900.1537599999,44386.0,Eggoz Farm Fresh White Eggs,0.07082628406891572,1.0376093612999997,0.07349001537599999,0.0044386
197187,8866645.357,8143600.239780003,723045.1172199999,16512.0,Amul Cow Ghee (Tin),0.08154663777650398,0.8866645357,0.07230451172199999,0.0016512
176,11818863.458000002,11101267.457964998,717596.000035,174856.0,Amul Taaza Homogenised Toned Milk,0.06071615960240835,1.1818863458000002,0.0717596000035,0.0174856
439931,6579152.490000001,5862802.21304,716350.2769599996,18900.0,Grocery Almonds,0.10888184732742065,0.6579152490000001,0.07163502769599996,0.00189
17772,6652614.3599999985,5937391.387917,715222.972083,88015.0,iD Idli & Dosa Batter (1 kg),0.10751006046335747,0.6652614359999999,0.0715222972083,0.0088015
169812,7212192.001000001,6499530.585169999,712661.4158300002,68868.0,Maggi Masala 2 Minute Instant Noodles,0.09881342811328188,0.7212192001000001,0.07126614158300001,0.0068868
3471,4781412.775,4069271.9697370008,712140.8052629997,59816.0,Yakult Probiotic Health Drink,0.14893941158698637,0.4781412775,0.07121408052629997,0.0059816
353470,2216161.4189999998,1510985.0161559999,705176.4028439998,13638.0,Turkey Apple,0.31819722011142904,0.22161614189999998,0.07051764028439998,0.0013638
391805,7890730.262999998,7186752.38548,703977.8775200003,23716.0,Fortune Hamesha Basmati Rice,0.08921580817696752,0.7890730262999999,0.07039778775200004,0.0023716
10974,11728772.292000001,11030359.65765,698412.6343500002,33371.0,Daawat Rozana Super Basmati Rice,0.05954695145939321,1.1728772292,0.06984126343500002,0.0033371
449124,2346937.071,1654601.328829,692335.7421709999,15704.0,Farmland Frozen Green Peas,0.2949954435190733,0.2346937071,0.06923357421709998,0.0015704
34778,7065100.935999999,6374989.157685999,690111.7783139999,236041.0,Amul Moti Toned Milk (90 Days Shelf Life),0.09767896942527135,0.7065100935999998,0.06901117783139998,0.0236041
478893,3808875.1350000002,3120500.611825998,688374.5231739999,65776.0,Country Delight Ghar Jaisa Curd,0.18072908635110713,0.3808875135,0.06883745231739999,0.0065776
383411,2990614.0469999993,2307875.069224,682738.9777760002,64877.0,English Oven 100% Whole Wheat Bread,0.22829391123233775,0.2990614046999999,0.06827389777760001,0.0064877
389686,1670531.292,991368.6169299999,679162.6750699999,26318.0,GMC Coriander Seeds/Dhania,0.4065548956325686,0.16705312919999998,0.06791626750699999,0.0026318
3918,1381368.2729999998,704444.2753300001,676923.99767,84345.0,Spinach Bunch,0.4900387614954293,0.1381368273,0.06769239976699999,0.0084345
332744,1154632.1069999998,477810.7534009998,676821.3535989998,78816.0,Spinach,0.5861792249632981,0.11546321069999999,0.06768213535989998,0.0078816
283,6118646.375,5451127.357721002,667519.0172789998,160601.0,Coca-Cola Soft Drink (750 ml),0.10909586473348033,0.6118646375,0.06675190172789998,0.0160601
50,10242067.0,9582275.129130002,659791.8708700003,57182.0,Fortune Premium Kachi Ghani Pure Mustard Oil,0.06441979640144907,1.0242067,0.06597918708700003,0.0057182
369013,2153378.073,1495267.9786190006,658110.0943810001,72356.0,Ridge Gourd,0.3056175330438596,0.2153378073,0.06581100943810002,0.0072356
389665,2644237.675,1995516.0916140003,648721.5833859999,30313.0,GMC Kabuli Chana,0.24533406717533435,0.26442376749999996,0.0648721583386,0.0030313
73536,8273477.0,7626709.153789997,646767.84621,17006.0,Gopaljee Ananda Ghee,0.07817364406887213,0.8273477,0.064676784621,0.0017006
476202,2197013.6190000004,1550730.2009699997,646283.41803,9427.0,Amul Butterscotch Gold Ice Cream,0.29416450241403796,0.21970136190000003,0.06462834180299999,0.0009427
286009,4790062.507,4144952.9842040013,645109.5227960002,54898.0,Britannia Bourbon The Original Biscuit - Buy 4 Get 1 Free,0.1346766397835652,0.4790062507,0.06451095227960002,0.0054898
23383,2579823.283,1945510.5073909997,634312.775609,111401.0,Ooty Carrot,0.24587450612949602,0.2579823283,0.0634312775609,0.0111401
3885,2283847.239,1649920.088757,633927.1502429999,126020.0,Colocasia,0.27756985643250365,0.2283847239,0.0633927150243,0.012602
450561,2702936.1840000004,2069517.4936810008,633418.6903190002,20128.0,Kwality Walls Shameless Vanilla Frozen Dessert,0.23434467083185864,0.27029361840000005,0.06334186903190002,0.0020128
439933,3998884.052999999,3367500.4898399995,631383.5631600003,9766.0,Grocery Cashews,0.15788993999121595,0.3998884052999999,0.06313835631600002,0.0009766
327916,1165826.679,535115.3383090001,630711.3406909999,28766.0,Orange Carrot,0.5409992343218626,0.1165826679,0.06307113406909999,0.0028766
3916,1085034.125,462222.33866500005,622811.786335,32278.0,Fenugreek,0.5740020262818922,0.1085034125,0.062281178633499995,0.0032278
391333,4416706.287,3794529.2073780014,622177.0796220002,75297.0,G Fresh White Eggs,0.1408690184931014,0.44167062869999996,0.062217707962200025,0.0075297
424416,2569288.1169999996,1949083.6437989995,620204.4732009999,52617.0,Yellaki Banana,0.24139156254891908,0.2569288117,0.06202044732009999,0.0052617
9098,1579450.998,960186.9174750003,619264.0805249999,48171.0,Black Brinjal,0.39207552580558114,0.1579450998,0.061926408052499986,0.0048171
43,14014171.529,13397918.152639998,616253.3763599999,69782.0,Fortune Sunlite Refined Sunflower Oil,0.04397358595795448,1.4014171529,0.06162533763599999,0.0069782
439935,5296148.978,4682310.044841998,613838.9331580001,45339.0,Grocery Arhar Dal/Toor Dal,0.11590288258654799,0.5296148978,0.06138389331580001,0.0045339
189821,2351335.92,1738176.6557980005,613159.2642020002,45531.0,Papaya,0.26077059385117557,0.235133592,0.06131592642020002,0.0045531
190315,2572996.933,1963571.2973060005,609425.6356939999,13211.0,Fuji Apple,0.236854396473546,0.2572996933,0.06094256356939999,0.0013211
462106,2179746.984,1570405.7615279993,609341.2224719999,9963.0,Red Delicious Apple,0.2795467670994607,0.21797469840000003,0.0609341222472,0.0009963
285131,1815859.0369999998,1207530.0681919998,608328.968808,15301.0,Langra Mango,0.3350089166684584,0.18158590369999997,0.0608328968808,0.0015301
18857,2959290.884,2352076.2786630006,607214.6053370003,55931.0,Catch Turmeric Powder/Haldi,0.20518922577703597,0.2959290884,0.060721460533700033,0.0055931
28169,4203909.321,3597015.563017,606893.757983,46056.0,Milky Mist Paneer,0.14436414100355424,0.42039093210000006,0.0606893757983,0.0046056
91891,1600903.4330000004,994093.6462120003,606809.7867879997,67875.0,Sponge Gourd,0.379042092283401,0.16009034330000005,0.06068097867879997,0.0067875
15933,2455406.7620000006,1853474.3600619999,601932.4019380001,38757.0,Harvest Gold Multigrain Bread,0.24514569693850177,0.24554067620000006,0.06019324019380001,0.0038757
39492,2231022.517,1631167.2007320009,599855.3162679999,28631.0,Tata Sampann Whole Unpolished Dal Green Moong (Sabut),0.26887013093646867,0.2231022517,0.059985531626799996,0.0028631
365678,7715970.045999999,7117807.592389996,598162.4536099999,16169.0,Pansari Mahak Mogra Basmati Rice (Broken),0.07752265107873126,0.7715970045999999,0.059816245360999984,0.0016169
318,1668924.8279999997,1072388.786114,596536.041886,92490.0,Bisleri Packaged Water (1 l),0.35743733443097897,0.16689248279999996,0.059653604188599996,0.009249
476211,3454860.8320000004,2860239.8065000004,594621.0255,16066.0,Amul Chocolate Brownie Ice Cream,0.17211142631055765,0.3454860832,0.05946210255,0.0016066
458952,1978339.6,1384975.1208529999,593364.4791469999,15757.0,Litchi,0.2999305473878195,0.19783396,0.05933644791469999,0.0015757
333764,16057169.269999998,15466691.890349997,590477.3796500004,85840.0,Aashirvaad Shudh Chakki Whole Wheat Atta (5 kg),0.036773441801675695,1.6057169269999998,0.059047737965000034,0.008584
25486,6971255.059,6389164.476970001,582090.5820300003,26147.0,Amul Pure Ghee,0.08349867808645334,0.6971255059,0.05820905820300003,0.0026147
476203,1952461.164,1373435.7814,579025.3825999999,8356.0,Amul King Alphonso Gold Ice Cream,0.296561792508975,0.1952461164,0.05790253825999999,0.0008356
389688,1467465.3870000003,890970.2312519999,576495.1557480001,13226.0,GMC Black Peppercorns/Kali Mirch,0.3928509393509804,0.14674653870000004,0.05764951557480001,0.0013226
332740,1149788.0,577499.699388,572288.300612,52853.0,Local Carrot,0.4977337566681858,0.1149788,0.057228830061200005,0.0052853
18851,3525156.664,2953156.892775,571999.7712250001,63916.0,Catch Coriander Powder/Dhania,0.1622622271136033,0.3525156664,0.057199977122500016,0.0063916
127031,2907433.955,2342149.1468120003,565284.808188,57474.0,Britannia 100% Whole Wheat Bread,0.19442739437498244,0.2907433955,0.0565284808188,0.0057474
86,2578198.138,2013182.1028089994,565016.035191,29420.0,MDH Deggi Red Chilli Powder,0.21915151782294864,0.25781981379999996,0.0565016035191,0.002942
242283,2099002.5769999996,1535158.173569,563844.4034309998,28425.0,Valencia Orange,0.2686249219554912,0.20990025769999995,0.05638444034309999,0.0028425
105,6081875.768000001,5520554.942702003,561320.8252980001,279094.0,Tata Salt,0.09229403011672961,0.6081875768000001,0.056132082529800016,0.0279094
24178,2085409.707,1525194.0289259993,560215.6780739999,56125.0,English Oven Milk Bread,0.2686357871038719,0.2085409707,0.056021567807399995,0.0056125
440077,1433819.0639999998,874043.5369809998,559775.5270190001,8161.0,Goclean Mosquito Repellent Deodorant Eco Phenyl,0.3904087629141749,0.14338190639999998,0.05597755270190002,0.0008161
159,10358799.578000002,9801806.633945,556992.9440550004,210200.0,Amul Salted Butter,0.053770028067532165,1.0358799578000002,0.05569929440550005,0.02102
4967,1628613.5919999997,1072143.807508,556469.7844919999,44886.0,Sapota,0.3416831268174753,0.16286135919999997,0.05564697844919999,0.0044886
467655,1334392.6899999997,777973.6018649997,556419.0881349999,59598.0,Organic Onion,0.4169830157979957,0.13343926899999997,0.055641908813499986,0.0059598
199435,2447128.0,1891142.7262369995,555985.2737629998,125571.0,New Potato,0.22719909778442313,0.2447128,0.05559852737629998,0.0125571
389685,1353349.649,800540.9992820002,552808.649718,16832.0,GMC Black Cardamom Whole/Elaichi,0.40847437329035724,0.1353349649,0.0552808649718,0.0016832
102816,1446768.807,895661.70367,551107.1033300001,5069.0,Origami Kitchen Towel Roll (2 Ply),0.3809227159609338,0.1446768807,0.05511071033300001,0.0005069
67352,2651325.782,2100812.2967059994,550513.4852940001,25986.0,Catch Compounded Hing Powder,0.20763705804524935,0.2651325782,0.05505134852940001,0.0025986
34819,2082764.529,1534172.386545999,548592.1424540001,26630.0,Tata Sampann Unpolished Green Moong Dal (Chilka),0.26339614239416503,0.20827645290000002,0.05485921424540001,0.002663
389713,2306326.3710000003,1758639.5622500002,547686.80875,12210.0,GMC Cashews,0.23747151124692226,0.23063263710000004,0.054768680874999996,0.001221
35951,4685265.851,4142393.1416200013,542872.7093799999,7591.0,Gowardhan Premium Cow Ghee,0.11586806952782239,0.4685265851,0.05428727093799999,0.0007591
389704,1325490.1379999996,784582.374271,540907.7637289999,27465.0,GMC Tamarind (Imli),0.40808131891887384,0.13254901379999995,0.05409077637289999,0.0027465
391032,2265345.4699999997,1727842.1639999996,537503.3059999997,9445.0,GMC Salted Pistachios,0.23727211284908337,0.22653454699999998,0.05375033059999997,0.0009445
402268,6034860.114999998,5497445.059730001,537415.0552699998,16529.0,India Gate Mini II Mogra Basmati Rice (Broken),0.08905178331047363,0.6034860114999998,0.05374150552699998,0.0016529
37078,9640828.246,9103926.101699995,536902.1442999999,20462.0,Nandini Pure Ghee,0.05569045839217827,0.9640828245999999,0.053690214429999994,0.0020462
9483,5463063.614000001,4928298.351163998,534765.2628360001,144217.0,Limca Lime 'N' Lemon Soft Drink 750 ml,0.09788743104978238,0.5463063614000001,0.05347652628360001,0.0144217
257199,1068106.777,533372.4449240001,534734.332076,23662.0,Green Zucchini,0.500637523879319,0.1068106777,0.05347343320760001,0.0023662
400105,11879132.637000004,11346401.390673995,532731.246326,265186.0,Grocery 1 kg Sugar,0.04484597172243863,1.1879132637000003,0.0532731246326,0.0265186
479966,8070896.920999998,7539298.770899998,531598.1501,36575.0,Dalmia Utsav White Crystal Sulphurless Sugar 5 kg,0.06586605618971703,0.8070896920999998,0.05315981501,0.0036575
127601,3017407.98,2490927.9495089995,526480.030491,28230.0,Bambino Roasted Vermicelli,0.17448089021458743,0.301740798,0.05264800304910001,0.002823
309447,2576046.463,2049648.4465940006,526398.016406,27319.0,Tata Sampann 100% Chana Dal Fine Besan/Gram Flour,0.20434337034160863,0.2576046463,0.052639801640600004,0.0027319
14624,10174496.698,9648146.167370003,526350.5306299999,53075.0,Fortune Rice Bran Oil,0.05173234079809221,1.0174496698000002,0.052635053062999995,0.0053075
389735,2624582.4349999996,2099337.1899459995,525245.245054,86836.0,GMC Fiber Rich Thick Avalakki/ Thick Poha,0.2001252610890083,0.26245824349999997,0.0525245245054,0.0086836
19608,3042061.561,2517880.1474399995,524181.4135600001,15734.0,Dettol Surface Disinfection & Personal Hygiene Antiseptic Liquid,0.1723112445455209,0.3042061561,0.05241814135600001,0.0015734
82218,1622241.755,1098590.014498,523651.7405020001,23464.0,Rajdhani Chana Sattu,0.3227951314210872,0.16222417549999998,0.05236517405020001,0.0023464
480567,1816222.2920000001,1293929.7124899996,522292.5795099997,9752.0,Sumeru Tender Coconut Water (Pack of 6),0.2875708451606207,0.1816222292,0.052229257950999974,0.0009752
10968,5754284.747000001,5233711.83996,520572.90703999985,16000.0,India Gate Mogra Basmati Rice (Broken),0.09046700501072713,0.5754284747000001,0.05205729070399998,0.0016
450563,2554439.4809999997,2033995.0755129992,520444.40548700007,16902.0,Kwality Walls Crunchilicious Butterscotch Frozen Dessert,0.20374113748165956,0.2554439481,0.052044440548700006,0.0016902
34354,1255969.2829999998,735900.5041779999,520068.7788220002,66812.0,Bisleri Soda Water,0.4140776258315549,0.1255969283,0.05200687788220002,0.0066812
14627,10814758.023,10294901.73373,519856.28927000007,11058.0,Fortune Rice Bran Oil,0.0480691558853568,1.0814758023,0.051985628927000004,0.0011058
389700,1332405.5040000002,813574.5748909998,518830.9291090001,34403.0,GMC Ajwain Seeds,0.3893941653283654,0.13324055040000002,0.05188309291090001,0.0034403
467652,1235724.2849999997,719066.6820979995,516657.6029020001,116890.0,Ginger - Organically grown,0.41810103529850123,0.12357242849999997,0.05166576029020001,0.011689
483951,1919858.6190000002,1406176.2048260001,513682.41417400003,13967.0,Bisleri Packaged Water - Pack of 2,0.26756262627378397,0.19198586190000003,0.051368241417400005,0.0013967
389692,1255409.011,742513.243117,512895.76788299985,22845.0,GMC Red Chilli Whole,0.4085487386094601,0.1255409011,0.051289576788299984,0.0022845
11328,4928724.0,4416115.542819999,512608.45718,8355.0,Gowardhan Premium Cow Ghee,0.10400429343984366,0.4928724,0.051260845718000006,0.0008355
459720,4070252.4910000004,3558741.4266290003,511511.06437100004,117190.0,iD Creamy Thick Curd,0.12567059795480387,0.40702524910000004,0.051151106437100004,0.011719
101234,2309133.101,1797908.9116999998,511224.18930000014,12814.0,Tata Sampann Unpolished Kabuli Chana,0.22139225715425756,0.2309133101,0.05112241893000002,0.0012814
57903,2116892.2539999997,1606699.339217999,510192.91478199995,26638.0,Tata Sampann Unpolished Split Yellow Moong Dal (Dhuli),0.24101033664701577,0.2116892254,0.051019291478199995,0.0026638
308387,1320850.977,810710.3755100003,510140.6014900002,3099.0,Origami So Soft Toilet Roll (3 Ply),0.38622116375964205,0.1320850977,0.05101406014900002,0.0003099
440229,1348045.598,843576.8138410001,504468.78415899986,27096.0,Cherry Tomato,0.37422234448704444,0.1348045598,0.05044687841589999,0.0027096
221973,1630802.1269999999,1128621.733311,502180.39368899993,24087.0,Peach,0.30793459572732085,0.16308021269999998,0.05021803936889999,0.0024087
369084,2753154.2680000006,2251076.465053,502077.80294699996,29252.0,Rishta Fresh & Tasty Idli & Dosa Batter,0.18236457316710009,0.27531542680000004,0.050207780294699994,0.0029252
406721,3241746.6109999996,2740962.5075700004,500784.1034300001,8710.0,Kellogg's Original Cereals Corn Flakes,0.15447971835020147,0.3241746611,0.05007841034300001,0.000871
467651,1161165.4590000003,660658.4860269999,500506.9729729999,83380.0,Garlic - Organically grown,0.43103846148165503,0.11611654590000002,0.05005069729729999,0.008338
137816,1344472.521,844471.2061940001,500001.31480600015,31894.0,Baby Corn - Packet,0.371894037993507,0.1344472521,0.050000131480600014,0.0031894
450562,2869326.343,2372141.201420001,497185.14158000035,10591.0,Kwality Walls Choco Brownie Fudge Frozen Dessert,0.17327591293089814,0.2869326343,0.049718514158000035,0.0010591
39394,1147793.997,650717.1739519999,497076.8230479999,16780.0,Red Capsicum,0.4330714608607592,0.11477939969999999,0.04970768230479999,0.001678
196281,1474021.2969999996,977927.051997,496094.2450030001,49125.0,Mixed Sprouts,0.3365583970955341,0.14740212969999997,0.04960942450030001,0.0049125
336515,1696141.0720000002,1203162.2525269997,492978.8194730001,8899.0,Green Apple,0.2906472979229879,0.1696141072,0.04929788194730001,0.0008899
11006,3755426.1540000006,3262807.857341998,492618.296658,74354.0,Madhur Pure & Hygienic Sulphurless Sugar (M30),0.13117507213749885,0.37554261540000006,0.0492618296658,0.0074354
55389,3974073.537,3484201.1841300023,489872.3528700001,19691.0,Patanjali Whole Wheat Chakki Atta (with Bran) 5 kg,0.12326705792158071,0.3974073537,0.04898723528700001,0.0019691
52594,3953659.0,3470108.57608,483550.4239199998,12324.0,Gowardhan Premium Cow Ghee,0.12230453458935123,0.3953659,0.04835504239199998,0.0012324
120182,4583858.368999999,4101976.6013899995,481881.7676099999,12851.0,Nutella Ferrero Hazelnut Chocolate Spread,0.10512579770546572,0.4583858368999999,0.04818817676099999,0.0012851
379584,1889233.5100000002,1409000.8127509998,480232.6972490001,27316.0,SPT Frozen Green Peas,0.25419446283747105,0.18892335100000002,0.04802326972490001,0.0027316
240092,3298399.650000001,2819571.091351,478828.5586489999,165798.0,Lay's India's Magic Masala Chips,0.14516996406090443,0.32983996500000007,0.04788285586489999,0.0165798
389725,1831784.399,1353551.514892001,478232.8841079998,65300.0,GMC Sooji/Rava,0.2610748756071264,0.1831784399,0.04782328841079998,0.00653
403046,4719076.487999999,4241359.47199,477717.01600999985,7474.0,Ariel Complete Detergent Powder,0.10123103900196838,0.4719076487999999,0.047771701600999986,0.0007474
344275,999760.658,522100.0969389999,477660.56106100034,22072.0,Green Lettuce,0.4777749126641472,0.0999760658,0.04776605610610003,0.0022072
329549,3590791.5689999997,3115468.4453759994,475323.12362400006,82155.0,Mother Dairy Classic Curd,0.1323727970533174,0.3590791569,0.047532312362400006,0.0082155
439930,2475206.0250000004,2003075.7286969991,472130.296303,16067.0,Grocery Almonds,0.19074383769852044,0.24752060250000005,0.0472130296303,0.0016067
484064,1441056.0019999999,968929.0366739997,472126.96532600006,41840.0,Bisleri Packaged Water (1 l) - Pack of 2,0.3276256888495303,0.1441056002,0.047212696532600004,0.004184
294780,1433980.457,964381.8057020003,469598.6512979998,15527.0,Dragon Fruit,0.32747911521781625,0.1433980457,0.04695986512979998,0.0015527
482733,2925858.6140000005,2456900.7811599993,468957.83283999993,22438.0,Cream Pot Vanilla Magic Frozen Dessert,0.16028041498521975,0.29258586140000004,0.046895783283999994,0.0022438
391043,1849408.914,1382011.5583700004,467397.3556300002,8661.0,GMC Whole-240 Cashews,0.25272796734773395,0.1849408914,0.04673973556300002,0.0008661
174727,7479376.847999999,7013293.98813,466082.8598699996,40694.0,Dhara Kachi Ghani Mustard Oil 1 l,0.06231573423053701,0.7479376847999999,0.04660828598699996,0.0040694
45655,3747768.767000001,3281764.8163699987,466003.9506300001,8862.0,Red Bull Energy Drink (4 x 250 ml),0.12434170291755355,0.3747768767000001,0.04660039506300001,0.0008862
311058,1205494.157,743096.8261849999,462397.33081500017,4651.0,Avocado,0.38357492496332374,0.1205494157,0.04623973308150002,0.0004651
478894,2532158.899,2070135.7655760008,462023.13342399994,61813.0,Country Delight Low Fat Curd,0.1824621407473528,0.25321588990000005,0.04620231334239999,0.0061813
400329,4291065.0,3829482.91527,461582.08473,8025.0,Mother Dairy Pure Cow Ghee,0.10756818755483778,0.4291065,0.046158208473,0.0008025
171258,4562598.233000001,4101734.6703739995,460863.562626,86752.0,Maggi Masala 2 Minute Instant Noodles,0.10100901703172162,0.4562598233000001,0.046086356262600006,0.0086752
476210,3121183.358,2660774.18666,460409.17134,14861.0,Amul Choco Chips Ice Cream,0.1475110938804384,0.3121183358,0.046040917134,0.0014861
439970,4374730.503999999,3914935.6375529994,459794.8664469999,40477.0,Grocery Malka Masoor,0.10510244368803752,0.4374730503999999,0.04597948664469999,0.0040477
467649,1026201.236,569155.70328,457045.53271999996,40917.0,Green Cucumber - Organically grown,0.44537612768963764,0.1026201236,0.045704553271999994,0.0040917
485477,1250512.6739999999,796849.168236,453663.50576399994,6311.0,GMC Green Cardamom Whole/Elaichi - Pack of 2,0.36278201348641426,0.1250512674,0.0453663505764,0.0006311
385,3090572.922,2637199.3335980005,453373.58840199996,26930.0,Red Bull Energy Drink (250 ml),0.14669564506137223,0.3090572922,0.045337358840199994,0.002693
445281,1383894.6149999998,931177.3335760001,452717.281424,44032.0,Green Moong Sprouts,0.3271327719011321,0.13838946149999998,0.0452717281424,0.0044032
37273,4566351.598999999,4114675.352017,451676.2469830002,60703.0,Rajdhani Chana Dal,0.09891403173638978,0.4566351598999999,0.04516762469830002,0.0060703
10532,2792291.21,2342257.8196720006,450033.39032799966,17985.0,Tata Tea Gold Tea,0.1611699341086991,0.27922912099999997,0.04500333903279997,0.0017985
18854,2685120.824,2235583.348384,449537.4756159998,34184.0,Catch Red Chilli Powder,0.16741796927645433,0.2685120824,0.04495374756159998,0.0034184
474770,2842206.2770000007,2394087.6277900008,448118.64921000024,12539.0,ChefiGo Boneless Chicken Breast,0.15766577283158964,0.28422062770000006,0.044811864921000026,0.0012539
32976,1383354.518,938799.5469190001,444554.97108100005,30510.0,Fresca Litchi Juice,0.32136011795712377,0.13833545179999998,0.044455497108100005,0.003051
197975,1971601.0,1528264.8629780002,443336.1370220002,17007.0,Nagpur Orange,0.22486098202526789,0.1971601,0.04433361370220002,0.0017007
174694,947709.593,504502.3043920001,443207.2886079999,7588.0,Red Cherry,0.4676614987139841,0.0947709593,0.04432072886079999,0.0007588
18401,1791735.08,1349180.9229999997,442554.15699999995,29102.0,English Oven Multigrain Bread,0.24699753994881873,0.179173508,0.044255415699999995,0.0029102
365536,1858774.824,1418663.2301,440111.5939,10073.0,Sinduri Mango,0.23677509949962608,0.18587748240000002,0.04401115939,0.0010073
485478,1867186.634,1428795.066858,438391.5671419999,7533.0,GMC Plain Makhana/Foxnuts - Pack of 3,0.23478722435092148,0.1867186634,0.04383915671419999,0.0007533
14626,11060190.44,10623884.66228,436305.77772,10809.0,Fortune Sunlite Refined Sunflower Oil,0.03944830607455617,1.106019044,0.043630577772,0.0010809
350169,2699226.1310000005,2264069.5619280003,435156.5690720001,27075.0,Bambino Elbows Macaroni,0.16121530688900998,0.26992261310000004,0.04351565690720001,0.0027075
3924,1084400.6600000001,650547.2689189999,433853.3910810003,65765.0,Cluster Beans,0.4000858788494285,0.10844006600000002,0.04338533910810003,0.0065765
11007,4818122.736,4386496.20084,431626.5351600001,17050.0,Mawana Premium Crystal Sulphurless Sugar,0.0895839642969195,0.48181227359999995,0.04316265351600001,0.001705
389695,1043893.9369999999,615778.255438,428115.6815619999,14686.0,GMC Clove Whole/Laung,0.4101141566089965,0.10438939369999999,0.04281156815619999,0.0014686
339444,1481056.0,1053053.3492110001,428002.650789,21403.0,Nimbu Mirchi,0.28898478571303177,0.1481056,0.042800265078899995,0.0021403
279396,2194040.524,1766109.492122,427931.03187800024,20602.0,Tata Sampann Unpolished Kala Chana,0.19504244666266712,0.21940405240000002,0.042793103187800025,0.0020602
22536,2018973.8600000006,1592096.422387,426877.43761299993,17569.0,Everest Compounded Hing Powder,0.21143286996940108,0.20189738600000007,0.042687743761299995,0.0017569
289037,2104410.6289999997,1678301.8532990003,426108.77570100006,17738.0,Tata Sampann Unpolished Rajma Chitra,0.20248366446594304,0.21044106289999998,0.04261087757010001,0.0017738
123060,1910056.4470000004,1487329.7769620004,422726.670038,62728.0,Rajdhani Maida,0.2213163232437182,0.19100564470000003,0.042272667003799995,0.0062728
131641,1236236.184,813522.121225,422714.0627749999,59204.0,Round Gourd,0.34193632919500433,0.1236236184,0.042271406277499986,0.0059204
23693,1075537.12,652928.2463030003,422608.87369700003,27175.0,Piknik Classic Tomato Chilli Crisps,0.3929282084629492,0.10755371200000001,0.042260887369700004,0.0027175
483705,2293651.2010000004,1873786.68363,419864.51737000013,10879.0,Table White Eggs - 30 Pieces Tray,0.18305508578939333,0.22936512010000004,0.04198645173700001,0.0010879
3907,991796.669,572096.388422,419700.28057800006,76445.0,Ivy Gourd,0.42317169808724175,0.0991796669,0.04197002805780001,0.0076445
27119,6057846.761,5640236.049750001,417610.7112500001,12128.0,Amul Pure Ghee,0.06893715336917221,0.6057846761,0.041761071125000014,0.0012128
10529,4610876.732999999,4193504.01677,417372.7162299999,22263.0,Tata Tea Agni Special Blend Tea,0.09051916596313832,0.4610876732999999,0.04173727162299999,0.0022263
90,2107949.053,1691336.2910950002,416612.761905,24420.0,Everest Kashmiri Red Chilli Powder,0.19763891414362378,0.21079490529999997,0.0416612761905,0.002442
467642,1029787.0559999999,613735.808918,416051.247082,26632.0,Cabbage - Organically grown,0.40401677672864444,0.10297870559999998,0.0416051247082,0.0026632
18546,7816414.810999999,7402662.633677002,413752.17732300016,158881.0,Vim Lemon Dishwash Bar - Pack of 3,0.05293375381520552,0.7816414810999999,0.04137521773230002,0.0158881
312,3406656.6180000002,2994654.978693001,412001.6393069998,89139.0,Sprite Lime Flavored Soft Drink 750 ml,0.1209401725815501,0.3406656618,0.04120016393069998,0.0089139
429695,3359399.513,2948392.397830001,411007.1151699999,13676.0,Fortune Sulphurless Sugar,0.12234541130922641,0.3359399513,0.04110071151699999,0.0013676
102982,1057035.6719999998,646781.1532099997,410254.51878999994,6723.0,Origami So Soft Face Tissue (2 ply),0.3881179506589065,0.10570356719999997,0.041025451878999995,0.0006723
39395,969367.1260000002,559504.2112749995,409862.91472500004,14411.0,Yellow Capsicum,0.4228149518709798,0.09693671260000002,0.040986291472500005,0.0014411
428608,1143316.2950000002,734010.5505900001,409305.7444100003,31042.0,Amla,0.3579986974733009,0.11433162950000002,0.040930574441000026,0.0031042
73577,3437588.0569999996,3029892.1748440005,407695.88215599995,40949.0,Fortune Rozana Basmati Rice,0.11859940033413957,0.34375880569999995,0.04076958821559999,0.0040949
10656,2659064.835000001,2252359.135609,406705.6993909999,28100.0,Patanjali Dant Kanti Toothpaste,0.1529506516869115,0.26590648350000007,0.04067056993909999,0.00281
13981,2719717.7300000004,2313667.4789000005,406050.2511,22312.0,Tata Tea Premium Tea,0.14929867413115697,0.271971773,0.04060502511,0.0022312
13542,3193296.131,2790168.86434,403127.26665999985,2561.0,Borges Olive Oil,0.12624174211295527,0.3193296131,0.040312726665999984,0.0002561
438913,1354910.187,951891.3363299994,403018.8506699999,5793.0,Amul Cookies n Cream Gold Ice Cream,0.29745060191949085,0.1354910187,0.04030188506699999,0.0005793
464204,1601765.5369999995,1201017.886639,400747.6503610001,48980.0,Bonn White Bread,0.25019120533182015,0.16017655369999995,0.04007476503610001,0.004898
389662,1641793.894,1242278.2240390005,399515.66996100004,31850.0,GMC Kala Chana/Brown Chana,0.24334094030989253,0.16417938940000001,0.0399515669961,0.003185
63628,4575450.507000001,4175957.698795998,399492.8082039997,43434.0,Amul Salted Butter (200 g),0.08731223462975153,0.4575450507000001,0.039949280820399974,0.0043434
476205,1344727.153,947925.9390199998,396801.2139799997,5766.0,Amul Caramel Chocolate Gold Ice Cream,0.29507934981067474,0.1344727153,0.03968012139799997,0.0005766
436777,1466074.024,1069803.1626389998,396270.86136100016,46500.0,Bisleri Limonata Limey Minty Cooler Soft Drink,0.2702938970842854,0.1466074024,0.03962708613610002,0.00465
455347,1575589.0,1183195.401703,392393.598297,41964.0,,0.2490456573998676,0.1575589,0.0392393598297,0.0041964
458760,1088797.69,697383.8015929998,391413.8884070001,10577.0,Thai Guava,0.359491843160505,0.108879769,0.03914138884070001,0.0010577
23660,2179569.892,1788909.355382,390660.53661799995,27364.0,Amma's Special Dosa Idli Batter,0.17923744407183248,0.2179569892,0.03906605366179999,0.0027364
165000,2331226.2679999997,1942996.2200099996,388230.04798999993,9681.0,Hen Fruit Farm White Eggs,0.16653469177106922,0.23312262679999998,0.03882300479899999,0.0009681
24097,2599147.393,2211330.134973,387817.2580269999,16991.0,Bagrry's 100% Whole Grain White Oats,0.14920941346822644,0.25991473930000003,0.038781725802699986,0.0016991
389723,1176187.197,789692.5259070001,386494.671093,16491.0,GMC Raisins,0.32859962434449114,0.1176187197,0.0386494671093,0.0016491
467673,1049395.0929999999,663031.5760430001,386363.51695699984,17063.0,Garlic - Peeled,0.3681773619242566,0.10493950929999998,0.03863635169569998,0.0017063
95609,1445203.1010000003,1059609.5758620002,385593.52513799985,39550.0,Harvest Gold Sandwich White Bread,0.26680922900815157,0.14452031010000002,0.03855935251379999,0.003955
15288,2825708.0590000004,2443360.112320999,382347.946679,71034.0,Coca-Cola Diet Coke Soft Drink,0.13531049163454997,0.28257080590000005,0.0382347946679,0.0071034
478822,1155788.7679999997,776137.5979300002,379651.17007,4300.0,Yoga Bar Dark Chocolate + Cranberry Muesli,0.32847798886898344,0.11557887679999997,0.037965117007,0.00043
12872,26556673.445999995,26178791.849101,377881.59689900046,897112.0,Amul Gold Full Cream Fresh Milk,0.014229251930494237,2.6556673445999994,0.03778815968990005,0.0897112
13876,922029.2930000001,544827.09652,377202.19648000004,29911.0,Coriander Bunch,0.4091000137888244,0.0922029293,0.03772021964800001,0.0029911
281941,998022.9330000001,621143.4977170003,376879.4352829998,16688.0,Origami Klassic Premium Napkins,0.3776260272397967,0.09980229330000001,0.03768794352829998,0.0016688
450567,1948727.0419999997,1571951.5898199992,376775.4521800001,8773.0,Kwality Walls Twice as Nice Fruit & Nut Frozen Dessert,0.19334439562829248,0.19487270419999997,0.03767754521800001,0.0008773
16405,933105.33,556585.1706559998,376520.15934400004,15729.0,Raw Banana,0.40351303034996067,0.093310533,0.037652015934400006,0.0015729
81953,2485893.291,2109841.009608,376052.2813920001,49373.0,Haldiram's Boondi Namkeen,0.151274506735052,0.24858932910000003,0.03760522813920001,0.0049373
176190,2564806.2480000006,2189109.9776460007,375696.270354,60045.0,Milky Mist Curd,0.14648134557803832,0.25648062480000006,0.0375696270354,0.0060045
127064,6807834.0,6434968.00134,372865.9986599998,7208.0,Fortune Soya Health Refined Soyabean Oil,0.05477013667783318,0.6807834,0.037286599865999984,0.0007208
389738,1455264.2940000002,1082754.7725499999,372509.52145,28787.0,GMC Small Sabudana/Motidana/Sago,0.25597379320432906,0.14552642940000002,0.037250952145,0.0028787
99407,7287753.914000001,6916203.149783997,371550.7642159998,112447.0,Amul Masti Curd,0.050982891107538536,0.7287753914,0.03715507642159998,0.0112447
168,7639208.714000001,7268528.901817,370679.81218299986,61289.0,Amul Pure Milk Cheese Slices,0.04852332565592471,0.7639208714000001,0.03706798121829999,0.0061289
287644,1188991.509,819504.148675,369487.36032499996,14677.0,Totapuri Mango,0.3107569377309993,0.11889915090000001,0.0369487360325,0.0014677
329216,2389130.005,2022933.1268049998,366196.8781949998,15426.0,Tata Sampann Coriander Powder/Dhania,0.1532762459257632,0.2389130005,0.03661968781949998,0.0015426
11150,2509178.3539999994,2143756.840544,365421.513456,126048.0,Uncle Chipps Spicy Treat Flavour Potato Chips,0.14563393346410167,0.25091783539999996,0.0365421513456,0.0126048
346900,933582.8570000001,568365.7379029999,365217.11909699993,5928.0,Origami 2 in 1 Kitchen Towel Roll (2 Ply),0.3911994702544114,0.0933582857,0.036521711909699994,0.0005928
60749,3208857.3359999997,2845845.937509999,363011.3984899999,39468.0,Parle-G Original Gluco Biscuit,0.11312793324196571,0.32088573359999994,0.036301139848999985,0.0039468
10557,5165251.052999998,4802335.565011002,362915.4879889999,58961.0,Coca-Cola Soft Drink,0.07026095813449709,0.5165251052999998,0.036291548798899995,0.0058961
380156,4639839.170000001,4276943.495300001,362895.6747,25242.0,"Fortune Chakki Fresh (100% Atta, 0% Maida) Atta",0.07821298571001975,0.4639839170000001,0.03628956747,0.0025242
440031,3729116.0560000017,3369826.6230420014,359289.432958,48378.0,Grocery Kala Chana,0.0963470773133803,0.3729116056000002,0.0359289432958,0.0048378
374079,2876157.719,2516958.9212599993,359198.79773999995,74009.0,Lay's India's Magic Masala Chips - Pack of 2,0.12488842157963728,0.2876157719,0.035919879774,0.0074009
450564,2098117.6339999996,1739017.0080600004,359100.6259399999,9714.0,Kwality Walls Darkly Divine Chocolate Sensation Frozen Dessert,0.17115371422496703,0.20981176339999996,0.03591006259399999,0.0009714
299087,2136118.882,1777688.6422310006,358430.23976900004,20730.0,Tata Sampann Unpolished Chana Dal,0.1677950805029212,0.21361188820000002,0.03584302397690001,0.002073
356458,1125014.0590000001,766740.5896099999,358273.4693900001,7274.0,Eveready AAA Carbon Zinc Battery,0.3184613263486337,0.11250140590000002,0.03582734693900001,0.0007274
100173,2906101.9340000004,2548348.5984399994,357753.33556,15264.0,Dr. Oetker FunFoods Veg Original Mayonnaise,0.12310419375674932,0.29061019340000005,0.035775333555999995,0.0015264
18841,1610526.1320000002,1253780.6126840003,356745.519316,51671.0,Rajdhani Sooji/Rava,0.22150868106249388,0.16105261320000003,0.0356745519316,0.0051671
336305,706112.475,349387.8480029999,356724.6269970001,20080.0,Drumstick,0.5051951914558656,0.0706112475,0.03567246269970001,0.002008
13544,3108359.0,2753707.0787000004,354651.9213,1129.0,Borges Olive Oil,0.11409619072314363,0.3108359,0.035465192129999996,0.0001129
315221,1078602.786,724337.1622339999,354265.623766,9129.0,Freshwrapp Aluminium Foil (6 m) - Buy 1 Get 1 Free,0.32844864519569295,0.10786027860000001,0.035426562376599996,0.0009129
365681,2550459.363,2196714.6288,353744.7342000002,4069.0,Pansari Signature Basmati Rice - Free Shasha Biryani Masala 50 g,0.13869843971319146,0.2550459363,0.03537447342000002,0.0004069
365534,1200773.7319999998,847850.853936,352922.878064,11187.0,Dasheri Mango,0.2939128902130248,0.12007737319999999,0.0352922878064,0.0011187
300292,1179021.1069999998,826346.743933,352674.36306700006,12607.0,Indian Plum,0.2991247238689172,0.11790211069999998,0.035267436306700005,0.0012607
274987,1109896.2740000002,758083.3214449999,351812.9525550001,6930.0,Valencia Orange,0.31697822652119295,0.11098962740000003,0.03518129525550001,0.000693
389740,1488500.194,1136699.8669110003,351800.327089,21346.0,GMC Masoor Dal,0.23634550301509738,0.14885001939999998,0.0351800327089,0.0021346
410371,2426761.817,2075416.2425900006,351345.57441000006,6334.0,Pansari Tasty Basmati Rice (Broken),0.14477958732857388,0.2426761817,0.035134557441000004,0.0006334
93038,1746057.624,1395925.597538001,350132.02646200004,25252.0,Catch Super Garam Masala,0.20052718859294646,0.1746057624,0.0350132026462,0.0025252
10964,1978161.578,1629325.7467840002,348835.8312159999,17003.0,India Gate Dubar Basmati Rice,0.17634344691331372,0.1978161578,0.03488358312159999,0.0017003
15520,4373197.411,4026118.99507,347078.4159299999,8449.0,Amul Pure Ghee,0.07936490931257434,0.43731974110000005,0.03470784159299999,0.0008449
380072,705963.958,361652.16398200014,344311.79401799984,12607.0,"GHH Oxo Biodegradable Medium Garbage Bag (19x21"")",0.48771865775334644,0.0705963958,0.03443117940179998,0.0012607
238044,2295275.164,1951438.9163000009,343836.24770000007,12854.0,Pooja Oil by Anandam,0.14980175496727507,0.2295275164,0.03438362477000001,0.0012854
18585,5932821.0,5590238.679490001,342582.32050999993,34814.0,Mahakosh Soyabean Oil,0.057743579405143006,0.5932821,0.034258232050999995,0.0034814
389680,1451363.8580000002,1109563.3365670005,341800.521433,18527.0,GMC Urad Dal (Dhuli),0.23550298538094086,0.14513638580000002,0.0341800521433,0.0018527
482791,910329.362,569184.1350949999,341145.2269049998,4453.0,EverFresh Aluminium Foil (21 m),0.37474922939484384,0.0910329362,0.03411452269049998,0.0004453
332032,1391710.854,1051753.75398,339957.1000200001,3934.0,Sumeru Wassup Chicken Nuggets - Buy 1 Get 1 Free,0.24427279491491277,0.1391710854,0.03399571000200001,0.0003934
450730,674949.558,336549.183014,338400.374986,6862.0,Salad Box - Hydroponically Grown,0.5013713557924873,0.06749495579999999,0.0338400374986,0.0006862
35766,2323547.0,1985996.7041100003,337550.29589,11048.0,Fortune Goldnut Refined Groundnut Oil,0.14527371122254037,0.2323547,0.033755029589,0.0011048
328862,1201296.836,865366.9457289998,335929.890271,9588.0,SPT American Frozen Sweet Corn,0.2796393698909235,0.1201296836,0.0335929890271,0.0009588
477072,2227810.391,1892736.12555,335074.2654500001,11910.0,Rajdhani Rajma Chitra,0.1504051991155293,0.2227810391,0.03350742654500001,0.001191
9147,908339.7119999998,574397.479199,333942.23280099995,31612.0,Organic English Cucumber,0.3676402433905697,0.09083397119999999,0.03339422328009999,0.0031612
293867,3548712.893,3215004.6972690006,333708.1957310001,27590.0,Surf Excel Easy Wash Detergent Powder,0.0940364029981842,0.3548712893,0.03337081957310001,0.002759
423362,916734.0419999999,585509.854367,331224.18763300014,8104.0,Shasha Whole Peppercorns/Kali Mirch,0.36130892108073387,0.09167340419999999,0.033122418763300014,0.0008104
37272,2234759.749,1904189.6277659999,330570.121234,17334.0,Rajdhani Arhar Dal/Toor Dal,0.14792199536523873,0.22347597489999999,0.0330570121234,0.0017334
480595,1658346.2559999996,1328467.96705,329878.28894999996,7698.0,Jaya White Eggs - Pack of 30,0.198920031179544,0.16583462559999995,0.032987828894999995,0.0007698
15286,3523419.7449999996,3193564.909565999,329854.83543399995,92727.0,Coca-Cola Zero Sugar Soft Drink,0.09361780863664881,0.3523419745,0.032985483543399995,0.0092727
455721,1146006.3769999999,817047.9237039997,328958.4532959998,7671.0,Red Globe Grapes - Packet,0.2870476638682787,0.11460063769999998,0.03289584532959998,0.0007671
11222,2600233.0,2271810.9195000003,328422.0805,1416.0,Leonardo Pomace Olive Oil,0.12630486594855153,0.2600233,0.032842208049999995,0.0001416
19925,7120808.495,6792661.504651999,328146.9903480001,285829.0,Mother Dairy Toned Fresh Milk,0.04608282761408543,0.7120808495000001,0.032814699034800006,0.0285829
43307,3060557.966,2732894.3636000007,327663.60240000003,1944.0,Oleev Pomace Olive Oil,0.10706008709524309,0.3060557966,0.03276636024,0.0001944
10908,1633414.8190000001,1305839.6262780004,327575.19272199995,25099.0,Catch Dry Mango / Amchur Powder,0.20054623535407018,0.1633414819,0.0327575192722,0.0025099
68,1491920.278,1164520.4492839994,327399.8287159997,16317.0,MDH Garam Masala,0.2194486083096189,0.1491920278,0.032739982871599974,0.0016317
363887,805401.9049999998,478541.04594499985,326860.8590550001,21111.0,Sweet Corn,0.4058357163371748,0.08054019049999998,0.03268608590550001,0.0021111
482789,784722.828,459023.55511400016,325699.27288599993,5252.0,EverFresh Aluminium Foil - Buy 1 Get 1 Free,0.41505008044190594,0.0784722828,0.0325699272886,0.0005252
481602,647602.561,322252.98248100013,325349.5785189999,4375.0,Wintex Excel Toilet Roll - 6 in 1 (2 Ply),0.5023908151576935,0.0647602561,0.03253495785189999,0.0004375
17,1140537.6060000001,816334.8511589997,324202.754841,34830.0,Rajdhani Daliya,0.2842543315849245,0.11405376060000001,0.0324202754841,0.003483
365718,2357614.353,2034808.2658379995,322806.0871620002,22547.0,Dettol Liquid Hand Wash Refill - Skincare,0.13692064893956818,0.23576143530000002,0.03228060871620002,0.0022547
476147,2390358.6890000002,2067647.6696599994,322711.0193400001,10312.0,,0.1350052696380079,0.23903586890000003,0.03227110193400001,0.0010312
605,2133687.2630000003,1811118.1395039996,322569.12349599996,40824.0,Haldiram's Classic Salted Peanut Namkeen,0.1511791953252148,0.21336872630000003,0.032256912349599993,0.0040824
389701,671692.9859999999,349269.77974100003,322423.20625899994,34546.0,GMC Methi Seeds,0.48001574079113574,0.0671692986,0.032242320625899996,0.0034546
55388,2593291.47,2271878.264720001,321413.20527999994,6774.0,Patanjali Traditional Whole Wheat Chakki Atta (with Bran),0.12394025469107794,0.25932914700000004,0.03214132052799999,0.0006774
305650,1580922.3590000002,1261235.2037330002,319687.15526699997,20663.0,Tata Sampann Unpolished Arhar Dal/Toor Dal,0.20221559486907095,0.15809223590000002,0.0319687155267,0.0020663
18562,3320880.9289999986,3001947.537480999,318933.39151900006,50827.0,Wheel 2 in 1 Clean & Fresh Detergent Powder,0.09603879161516309,0.33208809289999985,0.031893339151900006,0.0050827
372896,2222025.2309999997,1903297.0145199997,318728.2164799999,4981.0,India Gate Regular Choice Basmati Rice,0.14344041284200879,0.22220252309999997,0.03187282164799999,0.0004981
439985,1127922.401,809307.1390069998,318615.2619929999,17637.0,Grocery Raisins,0.28247977140140146,0.11279224010000001,0.03186152619929999,0.0017637
429846,1049966.207,731585.8045879998,318380.402412,20644.0,Schiff Lemon Dishwash Gel,0.3032291899390625,0.10499662069999999,0.0318380402412,0.0020644
67351,1539433.4780000001,1222045.6754189997,317387.80258100014,12966.0,Catch Black Pepper Powder,0.2061718204240587,0.15394334780000002,0.031738780258100015,0.0012966
390793,1433486.383,1117479.16796,316007.2150400001,7567.0,Durex Extra Time Condom,0.22044661099511828,0.1433486383,0.03160072150400001,0.0007567
3234,2608860.142999999,2293551.892187,315308.2508130001,21165.0,McCain Chilli Garlic Potato Bites Nuggets,0.12086054197233377,0.2608860142999999,0.03153082508130001,0.0021165
17148,2099285.2249999996,1784249.167419999,315036.05757999996,21062.0,Haldiram's Aloo Bhujia,0.15006824886313389,0.20992852249999996,0.03150360575799999,0.0021062
82132,821844.729,507223.92218999984,314620.80681000004,2427.0,Gainda Phenyl (Black),0.38282268621814086,0.0821844729,0.031462080681,0.0002427
389691,837851.6969999998,523506.702631,314344.9943690001,24387.0,GMC Black Small Mustard Seeds/Rai,0.3751797549548917,0.08378516969999998,0.03143449943690001,0.0024387
383401,1286537.9,972705.3323869999,313832.567613,27700.0,English Oven 100% Atta / Wheat Bread,0.2439357345112025,0.12865379,0.0313832567613,0.00277
388619,1137964.038,824394.9726129998,313569.0653869999,4445.0,Pairi Mango,0.2755527019448746,0.1137964038,0.03135690653869999,0.0004445
136968,2137608.0119999996,1825218.3796899996,312389.6323099999,7971.0,Dettol Original Bathing Soap - Buy 4 Get 1 Free,0.146139811675631,0.21376080119999996,0.03123896323099999,0.0007971
305323,959354.671,647274.3404460002,312080.33055400004,23960.0,Wood Apple,0.32530235166176624,0.09593546709999999,0.031208033055400004,0.002396
477199,798284.3169999999,487858.51255,310425.80445000005,3262.0,Chuk Eco-friendly Disposable Plates (11 Inch),0.38886621951512057,0.0798284317,0.031042580445000006,0.0003262
106,1922280.1109999998,1611935.2779340001,310344.8330660001,49538.0,Tata Salt Lite,0.16144620718390199,0.19222801109999998,0.031034483306600007,0.0049538
190320,971085.7430000001,661106.4845769999,309979.258423,10756.0,Pineapple,0.31920894798164073,0.09710857430000001,0.0309979258423,0.0010756
389678,1761969.938,1452178.2918339993,309791.6461660001,20233.0,GMC Rajma Chitra,0.1758211871183469,0.1761969938,0.03097916461660001,0.0020233
389673,1282827.548,977256.3669240006,305571.181076,16978.0,GMC Yellow Moong Dal (Dhuli),0.23820129334796605,0.12828275479999998,0.0305571181076,0.0016978
479278,1826426.0,1521236.75533,305189.24467,15240.0,Marlboro Fine Touch Cigarette (10 pieces),0.16709641927458324,0.1826426,0.030518924466999997,0.001524
480044,1564122.362,1259387.565645,304734.7963550001,34491.0,Tata Sampann Popular Poha,0.1948279775025684,0.1564122362,0.03047347963550001,0.0034491
68483,6583906.777999999,6279426.6133200005,304480.16468000016,15344.0,Aashirvaad Superior MP Whole Wheat Atta (10 kg),0.04624612330439048,0.6583906777999999,0.030448016468000015,0.0015344
18763,2276739.857,1973304.8617089996,303434.99529100006,19718.0,Daawat Pulav Basmati Rice (Slender Grains),0.1332760940421311,0.2276739857,0.030343499529100006,0.0019718
421744,626206.714,323711.3050519999,302495.40894799994,39207.0,Spring Onion,0.4830599899125322,0.06262067140000001,0.030249540894799993,0.0039207
104887,1987160.361,1684835.350769,302325.0102310001,36504.0,Haldiram's Bhujia,0.15213921139150585,0.1987160361,0.030232501023100006,0.0036504
135907,3462349.017,3160039.1053500003,302309.91164999997,7563.0,Fortune Everyday Basmati Rice Full Grains,0.0873135290999463,0.3462349017,0.030230991164999995,0.0007563
364177,3175092.7659999984,2873046.3681589994,302046.397841,31476.0,Dettol Liquid Hand Wash Refill - Original,0.09512994425719408,0.31750927659999983,0.0302046397841,0.0031476
81113,1216828.8,915482.6284899998,301346.17150999996,5479.0,Gala Wiper with Replaceable Handle,0.24764878305806037,0.12168288000000001,0.030134617150999996,0.0005479
14,1522104.935,1221177.461491001,300927.4735090001,29882.0,Rajdhani Besan,0.1977048142932406,0.15221049350000002,0.03009274735090001,0.0029882
18403,1099905.3059999999,800040.014668,299865.2913320001,33203.0,English Oven Sandwich White Bread,0.2726282796311923,0.10999053059999998,0.02998652913320001,0.0033203
479282,3842996.0,3544794.920020001,298201.0799799999,11674.0,Wills Classic Ice Burst Cigarette (Switch),0.0775959902065992,0.3842996,0.029820107997999994,0.0011674
368777,1960284.7440000002,1662874.4769099997,297410.26709,10039.0,Bagrry's Corn Flakes Plus Original & Healthier (with Fibre Power),0.1517178909851272,0.1960284744,0.029741026708999998,0.0010039
363541,2393477.0020000003,2096126.9885570004,297350.01344300003,240512.0,Mother Dairy Tadka Buttermilk,0.12423349511799486,0.23934770020000004,0.029735001344300002,0.0240512
28390,3231329.2319999984,2935990.659597,295338.57240299997,26984.0,Safal Green Peas,0.09139847759189897,0.32313292319999987,0.029533857240299995,0.0026984
15509,1128813.2540000002,833492.1452400003,295321.10876000003,6267.0,Nutrela Soya Chunks,0.261620872817994,0.11288132540000002,0.029532110876000002,0.0006267
18646,3163568.2509999997,2869333.3186099995,294234.93239000015,15218.0,Cadbury Bournvita Chocolate Health Drink (500 g),0.0930072971547217,0.31635682509999996,0.029423493239000016,0.0015218
56,1353797.6780000003,1059849.1061680003,293948.5718319999,17441.0,MDH Chunky Chat Masala,0.21712887871565684,0.13537976780000002,0.029394857183199993,0.0017441
289033,1027817.7470000001,734578.1058389997,293239.64116100007,11852.0,Tata Sampann Urad Dal (Dhuli),0.2853031503074446,0.10278177470000001,0.029323964116100006,0.0011852
35769,2577708.041,2284747.1163919987,292960.92460800003,20872.0,Fortune Biryani Special Extra Long Grain Basmati Rice,0.11365170917275344,0.25777080410000003,0.0292960924608,0.0020872
191,1630599.7790000003,1337732.0702540001,292867.7087459998,20516.0,Amul Malai Paneer,0.17960735216437174,0.16305997790000004,0.02928677087459998,0.0020516
479280,3802525.353,3510054.4949299996,292470.85807,11558.0,Wills Classic Mild Cigarette,0.07691490020947665,0.3802525353,0.029247085807,0.0011558
25279,1604637.585,1312652.0106450003,291985.5743550001,32774.0,Everest Tikhalal Red Chilli Powder,0.1819635642866985,0.1604637585,0.02919855743550001,0.0032774
114233,1204839.801,912885.9125850005,291953.8884150001,21607.0,Modern Multigrain Bread,0.24231759954533583,0.1204839801,0.02919538884150001,0.0021607
450568,1681959.315,1390167.1194099996,291792.19559,6262.0,Kwality Walls Oreo & Cream Frozen Dessert,0.1734835040228069,0.1681959315,0.029179219559000002,0.0006262
372351,2142162.444,1851646.500977999,290515.9430220001,50316.0,Patanjali Super Dishwash Bar - Buy 3 Get 1 Free,0.13561807314646399,0.2142162444,0.029051594302200008,0.0050316
27696,1704545.9780000001,1414618.65212,289927.3258799999,8432.0,Lion Arabian Dates - Buy 1 Get 1 Free,0.1700906456158966,0.17045459780000002,0.02899273258799999,0.0008432
329218,1954936.807,1665647.7020299989,289289.10497000004,13706.0,Tata Sampann Turmeric Powder/Haldi,0.1479787499698961,0.1954936807,0.028928910497000006,0.0013706
423857,2556688.1380000003,2267905.1593250004,288782.97867499996,34548.0,Mother Dairy Malai Paneer,0.1129519765757993,0.2556688138,0.028878297867499996,0.0034548
380448,669616.287,381356.6104200003,288259.6765799998,10916.0,Crystal Oxo - Degradable Black Garbage Bag (Medium),0.43048486450569234,0.0669616287,0.02882596765799998,0.0010916
569,1863346.0100000002,1575737.7147800003,287608.2952200002,3544.0,Ferrero Rocher Chocolate Gift Pack,0.15435045003799383,0.18633460100000002,0.02876082952200002,0.0003544
1,1671414.378,1384010.0505950002,287404.32740499993,28007.0,Nutrela Soya Mini Chunks,0.17195276718207095,0.16714143780000001,0.028740432740499994,0.0028007
307780,1864000.489,1577404.6804280004,286595.80857199983,38545.0,Hen Fruit Farm White Eggs - 6 pieces,0.15375307585125844,0.1864000489,0.028659580857199985,0.0038545
19293,3818797.301,3532695.1196400006,286102.1813599999,15609.0,Haldiram's Bhujia,0.0749194468334521,0.3818797301,0.02861021813599999,0.0015609
61743,3946342.9430000004,3660576.0825600005,285766.86044,45211.0,Thums Up Soft Drink (2 l),0.0724130833451491,0.3946342943,0.028576686044000002,0.0045211
367837,1972155.0329999994,1686540.3323469989,285614.7006529999,99168.0,Kurkure Puffcorn Yummy Cheese Puffs,0.14482365527751084,0.19721550329999993,0.028561470065299993,0.0099168
21869,1337377.988,1051911.22537,285466.76263000007,31915.0,Catch (Kutti Mirch) Red Chilli Powder,0.21345256553601966,0.1337377988,0.028546676263000007,0.0031915
479581,4385961.0,4102105.379989999,283855.62000999996,26268.0,Pansari Kacchi Ghani Mustard Oil,0.06471913909175206,0.4385961,0.028385562000999995,0.0026268
476706,988571.3289999999,704870.6283509999,283700.7006490001,11827.0,Gainda Extreme Power Toilet Cleaner,0.28698050644052225,0.09885713289999999,0.028370070064900013,0.0011827
179,4637984.391999999,4354589.244790999,283395.14720899996,64085.0,Amul Gold Milk,0.06110308342085512,0.4637984391999999,0.028339514720899996,0.0064085
32908,1408187.0720000002,1125312.6700600001,282874.40193999995,5816.0,Milky Mist Paneer,0.20087842557611543,0.1408187072,0.028287440193999994,0.0005816
203,2117629.4519999996,1835967.6593419998,281661.79265800014,106227.0,Mother Dairy Mishti Doi,0.13300806351743175,0.21176294519999997,0.028166179265800013,0.0106227
360055,2084674.2449999996,1803089.0762299998,281585.16877000005,7735.0,Dettol Bathing Cool Soap - Buy 4 Get 1 Free,0.1350739423415288,0.20846742449999997,0.028158516877000005,0.0007735
114264,2777484.997,2495968.700366999,281516.29663299996,23735.0,Surf Excel Stain Eraser Detergent Bar,0.10135654987770217,0.2777484997,0.028151629663299996,0.0023735
39490,1217329.404,936792.4125309996,280536.9914689999,13261.0,Tata Sampann Unpolished Kabuli Chana,0.23045281790383818,0.1217329404,0.02805369914689999,0.0013261
403776,4038642.964999999,3758190.8142720014,280452.15072800004,36912.0,Basic Moong Dal (Dhuli),0.06944217479942551,0.4038642964999999,0.028045215072800004,0.0036912
439697,2553956.7890000003,2273851.2958690003,280105.49313099997,22708.0,Amul Blend Diced Cheese,0.1096751105333599,0.25539567890000003,0.028010549313099996,0.0022708
350873,1109409.5550000002,829886.8775589999,279522.67744099995,8374.0,Pear Beauty,0.25195625563275403,0.11094095550000002,0.027952267744099996,0.0008374
395336,2214568.6689999998,1935485.9704899995,279082.69851,56917.0,Uncle Chipps Spicy Treat Flavour Potato Chips - Pack of 2,0.12602124396351244,0.22145686689999997,0.027908269851000003,0.0056917
10895,1294809.9239999999,1015947.8511790002,278862.07282099983,19156.0,Catch Sprinklers - Chat Masala,0.2153691191673318,0.1294809924,0.027886207282099982,0.0019156
67372,1937704.248,1659721.3885519998,277982.859448,97386.0,Kurkure Masala Munch Crisps,0.14345990092911226,0.19377042479999998,0.027798285944799998,0.0097386
389930,1542774.331,1265943.7148869995,276830.61611299985,11726.0,GMC Green Moong (Sabut),0.17943688234270982,0.1542774331,0.027683061611299985,0.0011726
48058,2930481.509000001,2654144.8425670005,276336.66643299995,30905.0,Harpic Disinfectant Liquid Toilet Cleaner (Rose),0.09429735884165234,0.2930481509000001,0.027633666643299994,0.0030905
366704,756888.4449999997,480611.006354,276277.43864600005,21770.0,Bisleri Club Soda Water - Pack of 2,0.3650173819815682,0.07568884449999998,0.027627743864600006,0.002177
380085,946579.0,670651.7146000001,275927.2854,1912.0,GHH Aluminium Foil (72 m),0.2914994790714774,0.0946579,0.02759272854,0.0001912
11153,2357482.850999999,2082604.1316940007,274878.719306,16983.0,Wagh Bakri Premium Tea (250 g),0.11659839611957377,0.2357482850999999,0.027487871930599997,0.0016983
391042,1077504.383,802665.459065,274838.92393499997,11012.0,GMC Split 2 Pcs Cashews,0.2550698895254517,0.10775043829999999,0.027483892393499996,0.0011012
36,3469071.0,3195330.8406500006,273740.15935000003,6610.0,Amul Pure Ghee,0.07890877971364668,0.3469071,0.027374015935000003,0.000661
439695,2486558.2169999997,2213526.6195500004,273031.59745000006,5165.0,Amul Pizza Mozzarella Diced Cheese,0.10980301831799022,0.24865582169999997,0.027303159745000007,0.0005165
339150,1041542.854,768926.752681,272616.10131900007,15614.0,Sun Melon,0.2617425680297549,0.1041542854,0.027261610131900007,0.0015614
481603,605372.014,332890.59536999994,272481.41863000015,2005.0,Wintex Fab Toilet Roll - 12 in 1 (3 Ply),0.45010574048439606,0.0605372014,0.027248141863000015,0.0002005
347025,787383.9450000002,515137.2199079999,272246.725092,7888.0,Green Grapes,0.3457610824056108,0.07873839450000002,0.027224672509199997,0.0007888
437475,1054880.773,782744.9809080001,272135.7920920001,13750.0,GMC Roasted Chana,0.2579777725193215,0.10548807730000001,0.027213579209200006,0.001375
404983,2380312.0760000004,2109242.1432620008,271069.93273800006,30642.0,Coca-Cola Diet Coke Soft Drink - Pack of 2,0.11387999727897866,0.23803120760000004,0.027106993273800006,0.0030642
426656,3003947.0,2733072.1350199995,270874.86498,17202.0,Emami Healthy & Tasty Immunity Booster Edible Oil,0.09017298407062442,0.3003947,0.027087486498,0.0017202
406724,1995324.132,1725824.9773499998,269499.1546500001,5020.0,Kellogg's Moons & Stars Cereals Chocos,0.13506535120179666,0.1995324132,0.02694991546500001,0.000502
439983,1982395.2410000004,1713568.8399010003,268826.4010990001,14014.0,Grocery Raw Peanuts,0.13560686362594032,0.19823952410000004,0.026882640109900012,0.0014014
481711,616319.664,347675.397024,268644.266976,3326.0,Chemi Eco Kleen Dishwash Gel (Lemon) - Buy 1 Get 1 Free,0.435884627195669,0.0616319664,0.0268644266976,0.0003326
403174,1177408.187,909583.598066,267824.58893399994,10782.0,Monster Energy Drink,0.22746961664706003,0.11774081869999999,0.026782458893399995,0.0010782
333303,770017.5310000001,502772.4642289998,267245.0667710001,7912.0,Little's Baby Wipes,0.3470636135049243,0.07700175310000001,0.02672450667710001,0.0007912
217,1360528.9309999999,1093882.4346250002,266646.496375,16226.0,Dr. Oetker FunFoods Veg Mayonnaise (Original),0.1959873768939354,0.1360528931,0.0266646496375,0.0016226
429694,1797175.3829999997,1530599.6913109997,266575.691689,35541.0,Fortune Sulphurless Sugar,0.1483303712095193,0.17971753829999998,0.0266575691689,0.0035541
18815,1897260.8800000001,1631360.00475,265900.8752500001,9128.0,McCain Crispy Potato Smiles,0.14014987503985224,0.18972608800000001,0.02659008752500001,0.0009128
436913,1413187.407,1147320.402889,265867.0041109999,19610.0,Tops Tomato Ketchup,0.18813287097951042,0.1413187407,0.02658670041109999,0.001961
389767,1057106.9300000002,791327.6817770001,265779.248223,14865.0,GMC Pumpkin Seeds,0.2514213469615604,0.10571069300000002,0.026577924822299998,0.0014865
126168,2518930.811,2254303.9648400005,264626.84616,4035.0,Daawat Super Basmati Rice (Fluffy Long Grain),0.10505522621121331,0.2518930811,0.026462684616,0.0004035
389679,904556.4510000001,639995.057044,264561.3939559999,11994.0,GMC Urad Dal (Chilka),0.29247637741516685,0.09045564510000001,0.026456139395599994,0.0011994
102808,670820.182,406705.061755,264115.120245,9308.0,Origami So Soft Napkins - Table Top - Plain (2 Ply),0.39371969915627847,0.06708201820000001,0.0264115120245,0.0009308
129,1870493.1920000003,1606776.564300001,263716.62769999995,10046.0,Kellogg's Original Cereals Corn Flakes,0.14098775062529065,0.18704931920000004,0.026371662769999995,0.0010046
70,1218684.7759999998,955278.111552,263406.6644480001,12746.0,MDH Super Compounded Hing Powder,0.2161401123862075,0.12186847759999998,0.026340666444800008,0.0012746
160704,8375835.979999999,8112480.663487001,263355.31651299977,325668.0,Amul Cow Fresh Milk,0.03144227240622253,0.8375835979999998,0.026335531651299978,0.0325668
427007,2743149.234,2480945.396846,262203.83715399995,29469.0,Maaza Mango Drink - Pack of 10,0.09558496996959223,0.2743149234,0.026220383715399996,0.0029469
411002,2895261.8589999997,2633549.113240001,261712.74576000002,5866.0,Pedigree Adult Wet Dog Food -Chicken & Liver Chunks in Gravy flavour - Pack of 15,0.09039346301145745,0.28952618589999995,0.026171274576000002,0.0005866
363154,1416900.0480000002,1155741.77702,261158.27098000003,4691.0,Hen Fruit MAX Protein Rich Eggs,0.18431665052777244,0.14169000480000002,0.026115827098,0.0004691
7,13724033.814000001,13462949.593109999,261084.2208900001,52635.0,Aashirvaad Select Whole Wheat Sharbati Atta,0.019023868960718088,1.3724033814,0.02610842208900001,0.0052635
439978,2864373.9990000003,2603430.9293130003,260943.06968699995,25954.0,Grocery Split Moong Dal (Chilka),0.09109951067077814,0.28643739990000006,0.026094306968699996,0.0025954
26923,3048119.9819999994,2787843.2566769994,260276.72532300005,52941.0,Nandini Good Life Toned Milk,0.08538926514048228,0.30481199819999993,0.026027672532300004,0.0052941
479111,709010.789,450330.36331000034,258680.42569,2046.0,Broadsky Disposable 3 Ply Mask,0.3648469525475726,0.0709010789,0.025868042569,0.0002046
393927,2088156.95,1829954.2830300005,258202.66696999993,6026.0,GMC MP Chakki Fresh Atta,0.12365098656497057,0.208815695,0.025820266696999994,0.0006026
19266,1757810.5850000002,1499653.739029999,258156.84596999997,16448.0,Haldiram's Bhujia,0.14686272125844546,0.17578105850000003,0.025815684596999997,0.0016448
11305,1714489.0,1456673.45045,257815.54955000003,4435.0,Oleev Pomace Olive Oil,0.150374571986172,0.1714489,0.025781554955,0.0004435
389835,1393833.9499999997,1137098.8749919997,256735.07500799996,20313.0,GMC White Dried Peas / Safed Matar,0.18419344356478046,0.13938339499999997,0.025673507500799997,0.0020313
99,1388199.8660000002,1132076.104407,256123.76159299992,43969.0,Everest Turmeric Powder/Haldi,0.1845006384642598,0.13881998660000003,0.025612376159299993,0.0043969
482793,590912.845,335426.71177399997,255486.13322600003,3439.0,Paperwrap Organic Food Wrapping Paper (25 m),0.43235840173012324,0.0590912845,0.025548613322600004,0.0003439
365535,906883.0700000001,652522.4685890002,254360.60141099998,5562.0,Kesar Mango,0.28047783647675767,0.09068830700000001,0.0254360601411,0.0005562
4926,615197.51,361236.20910199994,253961.30089800013,47574.0,Baby Potato,0.41281262809077385,0.061519751,0.025396130089800014,0.0047574
45533,2999604.6820000005,2746266.8086479995,253337.8733520001,100428.0,Amul Masti Curd,0.08445708691956232,0.29996046820000005,0.02533378733520001,0.0100428
474817,998127.558,744805.0345269997,253322.52347300015,8853.0,Mr. Makhana Himalayan Salt & Pepper Makhana,0.25379774503030017,0.0998127558,0.025332252347300015,0.0008853
479281,3262733.451,3009449.687679999,253283.76331999988,9912.0,Wills Classic Ultra Mild Cigarette,0.07762931515057431,0.3262733451,0.02532837633199999,0.0009912
356457,815722.5940000002,562478.95878,253243.63521999997,5339.0,Eveready AA Carbon Zinc Battery,0.31045313331115104,0.08157225940000001,0.025324363521999998,0.0005339
389693,633594.4739999999,380740.4179899999,252854.05601000003,3170.0,GMC Garam Masala Whole/Khade Masale,0.3990786952633682,0.06335944739999999,0.025285405601000004,0.000317
344107,4752890.829,4500630.378439999,252260.45056000003,19016.0,Aashirvaad Superior MP Whole Wheat Atta (5 kg),0.05307516196686453,0.4752890829,0.025226045056000002,0.0019016
39396,511428.0,260401.978711,251026.021289,2089.0,Broccoli,0.4908335509377664,0.0511428,0.0251026021289,0.0002089
438122,1699702.5720000002,1449701.9976560005,250000.57434400005,14517.0,Arhar Dal/Toor Dal,0.1470848950059717,0.1699702572,0.025000057434400005,0.0014517
439986,1314939.9500000002,1065428.8457399996,249511.1042600001,9376.0,Grocery Raisins,0.18975094966123743,0.13149399500000003,0.02495111042600001,0.0009376
